"movie"	"profane"	"word"	"minutes_in"	"year"
"Reservoir Dogs"	TRUE	"dick"	0.4	1992
"Reservoir Dogs"	TRUE	"dicks"	0.43	1992
"Reservoir Dogs"	TRUE	"fucked"	0.55	1992
"Reservoir Dogs"	TRUE	"fucking"	0.61	1992
"Reservoir Dogs"	TRUE	"bullshit"	0.61	1992
"Reservoir Dogs"	TRUE	"fuck"	0.66	1992
"Reservoir Dogs"	TRUE	"shit"	0.9	1992
"Reservoir Dogs"	TRUE	"fuck"	1.43	1992
"Reservoir Dogs"	TRUE	"dicks"	1.56	1992
"Reservoir Dogs"	TRUE	"fuck"	1.66	1992
"Reservoir Dogs"	TRUE	"dick"	1.75	1992
"Reservoir Dogs"	TRUE	"dick"	1.75	1992
"Reservoir Dogs"	TRUE	"dick"	1.75	1992
"Reservoir Dogs"	TRUE	"dick"	1.75	1992
"Reservoir Dogs"	TRUE	"dick"	1.75	1992
"Reservoir Dogs"	TRUE	"dick"	1.75	1992
"Reservoir Dogs"	TRUE	"dick"	1.75	1992
"Reservoir Dogs"	TRUE	"dicks"	1.75	1992
"Reservoir Dogs"	TRUE	"motherfucker"	1.83	1992
"Reservoir Dogs"	TRUE	"dick"	1.96	1992
"Reservoir Dogs"	TRUE	"pussy"	2.15	1992
"Reservoir Dogs"	TRUE	"fucks"	2.18	1992
"Reservoir Dogs"	TRUE	"fuck"	2.3	1992
"Reservoir Dogs"	TRUE	"fucking"	2.45	1992
"Reservoir Dogs"	TRUE	"hell"	2.48	1992
"Reservoir Dogs"	TRUE	"fucking"	2.51	1992
"Reservoir Dogs"	TRUE	"fucking"	2.81	1992
"Reservoir Dogs"	TRUE	"dick"	2.86	1992
"Reservoir Dogs"	TRUE	"jap"	2.93	1992
"Reservoir Dogs"	TRUE	"fuck"	3.05	1992
"Reservoir Dogs"	TRUE	"shit"	3.2	1992
"Reservoir Dogs"	TRUE	"fucking"	3.4	1992
"Reservoir Dogs"	TRUE	"fucking"	3.55	1992
"Reservoir Dogs"	TRUE	"fucking"	3.7	1992
"Reservoir Dogs"	TRUE	"motherfucker"	3.93	1992
"Reservoir Dogs"	TRUE	"motherfucker"	3.98	1992
"Reservoir Dogs"	TRUE	"shit"	4.35	1992
"Reservoir Dogs"	TRUE	"shit"	4.76	1992
"Reservoir Dogs"	TRUE	"fucking"	4.86	1992
"Reservoir Dogs"	TRUE	"dick"	5.25	1992
"Reservoir Dogs"	TRUE	"fucking"	5.41	1992
"Reservoir Dogs"	TRUE	"fucking"	5.51	1992
"Reservoir Dogs"	TRUE	"fucking"	5.55	1992
"Reservoir Dogs"	TRUE	"fucking"	5.61	1992
"Reservoir Dogs"	TRUE	"bullshit"	6.23	1992
"Reservoir Dogs"	TRUE	"fuck"	6.46	1992
"Reservoir Dogs"	TRUE	"fucked"	6.58	1992
"Reservoir Dogs"	TRUE	"fucks"	6.66	1992
"Reservoir Dogs"	TRUE	"bullshit"	6.81	1992
"Reservoir Dogs"	TRUE	"fucking"	6.86	1992
"Reservoir Dogs"	TRUE	"fucking"	6.73	1992
"Reservoir Dogs"	TRUE	"bastard"	7.38	1992
"Reservoir Dogs"	TRUE	"goddamn"	7.41	1992
"Reservoir Dogs"	TRUE	"goddamn"	7.58	1992
"Reservoir Dogs"	TRUE	"shit"	9.63	1992
"Reservoir Dogs"	TRUE	"fucking"	9.96	1992
"Reservoir Dogs"	TRUE	"shit"	10.01	1992
"Reservoir Dogs"	TRUE	"fucking"	10.08	1992
"Reservoir Dogs"	TRUE	"shit"	10.26	1992
"Reservoir Dogs"	TRUE	"goddamn"	11.13	1992
"Reservoir Dogs"	TRUE	"fucking"	11.13	1992
"Reservoir Dogs"	TRUE	"fucking"	11.85	1992
"Reservoir Dogs"	TRUE	"fucking"	12.06	1992
"Reservoir Dogs"	TRUE	"fucking"	12.08	1992
"Reservoir Dogs"	TRUE	"fucking"	12.43	1992
"Reservoir Dogs"	TRUE	"fucking"	12.45	1992
"Reservoir Dogs"	TRUE	"fucking"	12.9	1992
"Reservoir Dogs"	TRUE	"fucking"	13.73	1992
"Reservoir Dogs"	TRUE	"fuck"	14.38	1992
"Reservoir Dogs"	TRUE	"fucking"	14.66	1992
"Reservoir Dogs"	TRUE	"fucking"	14.95	1992
"Reservoir Dogs"	TRUE	"fucking"	15.38	1992
"Reservoir Dogs"	TRUE	"fucking"	15.41	1992
"Reservoir Dogs"	TRUE	"shit"	15.45	1992
"Reservoir Dogs"	TRUE	"fuck"	15.51	1992
"Reservoir Dogs"	TRUE	"fuck"	15.65	1992
"Reservoir Dogs"	TRUE	"fucking"	15.75	1992
"Reservoir Dogs"	TRUE	"fucked"	15.86	1992
"Reservoir Dogs"	TRUE	"fucked"	15.88	1992
"Reservoir Dogs"	TRUE	"fucked"	15.93	1992
"Reservoir Dogs"	TRUE	"fuck"	16.45	1992
"Reservoir Dogs"	TRUE	"motherfuckers"	16.6	1992
"Reservoir Dogs"	TRUE	"fucking"	16.65	1992
"Reservoir Dogs"	TRUE	"fuck"	16.75	1992
"Reservoir Dogs"	TRUE	"fucking"	16.86	1992
"Reservoir Dogs"	TRUE	"fucking"	17.56	1992
"Reservoir Dogs"	TRUE	"fuck"	17.63	1992
"Reservoir Dogs"	TRUE	"fucking"	17.75	1992
"Reservoir Dogs"	TRUE	"fucking"	17.95	1992
"Reservoir Dogs"	TRUE	"fucking"	18	1992
"Reservoir Dogs"	TRUE	"shit"	20.13	1992
"Reservoir Dogs"	TRUE	"fucking"	20.16	1992
"Reservoir Dogs"	TRUE	"fuck"	20.68	1992
"Reservoir Dogs"	TRUE	"fuck"	20.73	1992
"Reservoir Dogs"	TRUE	"fuck"	20.93	1992
"Reservoir Dogs"	TRUE	"fucking"	20.96	1992
"Reservoir Dogs"	TRUE	"asshole"	20.98	1992
"Reservoir Dogs"	TRUE	"fuck"	21	1992
"Reservoir Dogs"	TRUE	"fucking"	21.01	1992
"Reservoir Dogs"	TRUE	"fuck"	21.2	1992
"Reservoir Dogs"	TRUE	"fucking"	22.18	1992
"Reservoir Dogs"	TRUE	"fuck"	22.21	1992
"Reservoir Dogs"	TRUE	"motherfucker"	22.46	1992
"Reservoir Dogs"	TRUE	"fuck"	22.6	1992
"Reservoir Dogs"	TRUE	"goddamn"	22.71	1992
"Reservoir Dogs"	TRUE	"ass"	22.8	1992
"Reservoir Dogs"	TRUE	"fuck"	23	1992
"Reservoir Dogs"	TRUE	"fucking"	23.2	1992
"Reservoir Dogs"	TRUE	"assholes"	23.35	1992
"Reservoir Dogs"	TRUE	"fucking"	24.01	1992
"Reservoir Dogs"	TRUE	"fuck"	24.05	1992
"Reservoir Dogs"	TRUE	"fucking"	24.6	1992
"Reservoir Dogs"	TRUE	"fuck"	24.66	1992
"Reservoir Dogs"	TRUE	"fucking"	24.76	1992
"Reservoir Dogs"	TRUE	"fucking"	25.13	1992
"Reservoir Dogs"	TRUE	"shit"	25.35	1992
"Reservoir Dogs"	TRUE	"fuck"	25.45	1992
"Reservoir Dogs"	TRUE	"fucking"	25.75	1992
"Reservoir Dogs"	TRUE	"bullshit"	25.76	1992
"Reservoir Dogs"	TRUE	"fucking"	26.01	1992
"Reservoir Dogs"	TRUE	"fucking"	26.06	1992
"Reservoir Dogs"	TRUE	"fucking"	26.16	1992
"Reservoir Dogs"	TRUE	"fucking"	26.26	1992
"Reservoir Dogs"	TRUE	"hell"	27.21	1992
"Reservoir Dogs"	TRUE	"shit"	28.6	1992
"Reservoir Dogs"	TRUE	"fucking"	28.6	1992
"Reservoir Dogs"	TRUE	"fucking"	28.83	1992
"Reservoir Dogs"	TRUE	"shit"	28.83	1992
"Reservoir Dogs"	TRUE	"shit"	29.16	1992
"Reservoir Dogs"	TRUE	"hell"	29.18	1992
"Reservoir Dogs"	TRUE	"fucking"	31.13	1992
"Reservoir Dogs"	TRUE	"fuck"	31.5	1992
"Reservoir Dogs"	TRUE	"fucking"	31.6	1992
"Reservoir Dogs"	TRUE	"fuck"	31.8	1992
"Reservoir Dogs"	TRUE	"fuck"	31.81	1992
"Reservoir Dogs"	TRUE	"fucking"	31.88	1992
"Reservoir Dogs"	TRUE	"hell"	32.11	1992
"Reservoir Dogs"	TRUE	"fucking"	32.43	1992
"Reservoir Dogs"	TRUE	"fuck"	32.55	1992
"Reservoir Dogs"	TRUE	"fucking"	32.58	1992
"Reservoir Dogs"	TRUE	"shit"	32.6	1992
"Reservoir Dogs"	TRUE	"fuck"	32.63	1992
"Reservoir Dogs"	TRUE	"fucking"	32.7	1992
"Reservoir Dogs"	TRUE	"shit"	32.91	1992
"Reservoir Dogs"	TRUE	"asshole"	33.76	1992
"Reservoir Dogs"	TRUE	"shit"	33.81	1992
"Reservoir Dogs"	TRUE	"fucking"	33.9	1992
"Reservoir Dogs"	TRUE	"fucking"	34.3	1992
"Reservoir Dogs"	TRUE	"fuck"	34.38	1992
"Reservoir Dogs"	TRUE	"fucking"	34.46	1992
"Reservoir Dogs"	TRUE	"fucking"	34.56	1992
"Reservoir Dogs"	TRUE	"fucking"	34.6	1992
"Reservoir Dogs"	TRUE	"fuck"	34.71	1992
"Reservoir Dogs"	TRUE	"fucking"	34.75	1992
"Reservoir Dogs"	TRUE	"fuck"	34.85	1992
"Reservoir Dogs"	TRUE	"asshole"	34.98	1992
"Reservoir Dogs"	TRUE	"assholes"	35.48	1992
"Reservoir Dogs"	TRUE	"fuck"	35.5	1992
"Reservoir Dogs"	TRUE	"fucking"	35.6	1992
"Reservoir Dogs"	TRUE	"fucking"	35.61	1992
"Reservoir Dogs"	TRUE	"n-word"	35.61	1992
"Reservoir Dogs"	TRUE	"n-word"	35.63	1992
"Reservoir Dogs"	TRUE	"fucking"	35.71	1992
"Reservoir Dogs"	TRUE	"fucking"	35.83	1992
"Reservoir Dogs"	TRUE	"fuck"	35.88	1992
"Reservoir Dogs"	TRUE	"asses"	35.95	1992
"Reservoir Dogs"	TRUE	"fuck"	36.01	1992
"Reservoir Dogs"	TRUE	"shit"	36.06	1992
"Reservoir Dogs"	TRUE	"fucking"	36.11	1992
"Reservoir Dogs"	TRUE	"fuck"	37.41	1992
"Reservoir Dogs"	TRUE	"fucking"	37.48	1992
"Reservoir Dogs"	TRUE	"fuck"	37.91	1992
"Reservoir Dogs"	TRUE	"fucking"	39.06	1992
"Reservoir Dogs"	TRUE	"asshole"	39.06	1992
"Reservoir Dogs"	TRUE	"fucking"	39.18	1992
"Reservoir Dogs"	TRUE	"hell"	39.46	1992
"Reservoir Dogs"	TRUE	"hell"	39.6	1992
"Reservoir Dogs"	TRUE	"bitch"	39.88	1992
"Reservoir Dogs"	TRUE	"fucking"	40.13	1992
"Reservoir Dogs"	TRUE	"ass"	40.15	1992
"Reservoir Dogs"	TRUE	"ass"	40.3	1992
"Reservoir Dogs"	TRUE	"fuckup"	40.48	1992
"Reservoir Dogs"	TRUE	"shit"	40.96	1992
"Reservoir Dogs"	TRUE	"fuck"	41.25	1992
"Reservoir Dogs"	TRUE	"bastard"	41.3	1992
"Reservoir Dogs"	TRUE	"fuck"	41.31	1992
"Reservoir Dogs"	TRUE	"fuck"	41.43	1992
"Reservoir Dogs"	TRUE	"fucking"	41.75	1992
"Reservoir Dogs"	TRUE	"ass"	41.76	1992
"Reservoir Dogs"	TRUE	"bitch"	41.85	1992
"Reservoir Dogs"	TRUE	"fucking"	41.93	1992
"Reservoir Dogs"	TRUE	"n-word"	41.93	1992
"Reservoir Dogs"	TRUE	"ass"	42	1992
"Reservoir Dogs"	TRUE	"fucking"	42.03	1992
"Reservoir Dogs"	TRUE	"bitch"	42.11	1992
"Reservoir Dogs"	TRUE	"bitch"	42.13	1992
"Reservoir Dogs"	TRUE	"shit"	42.16	1992
"Reservoir Dogs"	TRUE	"fuck"	42.55	1992
"Reservoir Dogs"	TRUE	"motherfucker"	42.56	1992
"Reservoir Dogs"	TRUE	"fucker"	42.6	1992
"Reservoir Dogs"	TRUE	"shitty"	42.66	1992
"Reservoir Dogs"	TRUE	"asshead"	42.86	1992
"Reservoir Dogs"	TRUE	"fucking"	43.06	1992
"Reservoir Dogs"	TRUE	"fucking"	43.31	1992
"Reservoir Dogs"	TRUE	"shit"	43.35	1992
"Reservoir Dogs"	TRUE	"fuck"	42.7	1992
"Reservoir Dogs"	TRUE	"fuck"	42.71	1992
"Reservoir Dogs"	TRUE	"shit"	43.86	1992
"Reservoir Dogs"	TRUE	"fucking"	44	1992
"Reservoir Dogs"	TRUE	"shit"	44.03	1992
"Reservoir Dogs"	TRUE	"fucked"	44.65	1992
"Reservoir Dogs"	TRUE	"fuck"	44.9	1992
"Reservoir Dogs"	TRUE	"fucking"	45.26	1992
"Reservoir Dogs"	TRUE	"damn"	45.4	1992
"Reservoir Dogs"	TRUE	"fucking"	46.48	1992
"Reservoir Dogs"	TRUE	"fuck"	46.53	1992
"Reservoir Dogs"	TRUE	"fucking"	46.65	1992
"Reservoir Dogs"	TRUE	"fucking"	46.66	1992
"Reservoir Dogs"	TRUE	"fuck"	47.5	1992
"Reservoir Dogs"	TRUE	"fucking"	47.51	1992
"Reservoir Dogs"	TRUE	"fucking"	47.55	1992
"Reservoir Dogs"	TRUE	"fucking"	47.7	1992
"Reservoir Dogs"	TRUE	"fucking"	47.71	1992
"Reservoir Dogs"	TRUE	"fucking"	47.73	1992
"Reservoir Dogs"	TRUE	"fucking"	47.75	1992
"Reservoir Dogs"	TRUE	"fucking"	47.8	1992
"Reservoir Dogs"	TRUE	"fucking"	47.88	1992
"Reservoir Dogs"	TRUE	"shit"	47.98	1992
"Reservoir Dogs"	TRUE	"fucking"	48.08	1992
"Reservoir Dogs"	TRUE	"bullshit"	48.15	1992
"Reservoir Dogs"	TRUE	"fuck"	48.16	1992
"Reservoir Dogs"	TRUE	"fucking"	48.25	1992
"Reservoir Dogs"	TRUE	"fucking"	48.26	1992
"Reservoir Dogs"	TRUE	"hell"	48.31	1992
"Reservoir Dogs"	TRUE	"fucking"	48.38	1992
"Reservoir Dogs"	TRUE	"fucking"	48.48	1992
"Reservoir Dogs"	TRUE	"assholes"	48.48	1992
"Reservoir Dogs"	TRUE	"asshole"	48.51	1992
"Reservoir Dogs"	TRUE	"fucking"	48.55	1992
"Reservoir Dogs"	TRUE	"fucking"	48.56	1992
"Reservoir Dogs"	TRUE	"fucking"	48.58	1992
"Reservoir Dogs"	TRUE	"fucking"	48.61	1992
"Reservoir Dogs"	TRUE	"fucking"	48.78	1992
"Reservoir Dogs"	TRUE	"fucking"	48.98	1992
"Reservoir Dogs"	TRUE	"fucking"	49.06	1992
"Reservoir Dogs"	TRUE	"fucking"	49.15	1992
"Reservoir Dogs"	TRUE	"bastard"	49.61	1992
"Reservoir Dogs"	TRUE	"fuck"	49.68	1992
"Reservoir Dogs"	TRUE	"fucking"	49.7	1992
"Reservoir Dogs"	TRUE	"goddamn"	49.75	1992
"Reservoir Dogs"	TRUE	"fucking"	49.8	1992
"Reservoir Dogs"	TRUE	"fucking"	49.9	1992
"Reservoir Dogs"	TRUE	"fucking"	49.98	1992
"Reservoir Dogs"	TRUE	"fucking"	50.51	1992
"Reservoir Dogs"	TRUE	"bastard"	50.68	1992
"Reservoir Dogs"	TRUE	"fucking"	50.76	1992
"Reservoir Dogs"	TRUE	"motherfucker"	50.91	1992
"Reservoir Dogs"	TRUE	"fucking"	51.08	1992
"Reservoir Dogs"	TRUE	"fucking"	51.36	1992
"Reservoir Dogs"	TRUE	"fucking"	51.51	1992
"Reservoir Dogs"	TRUE	"fuck"	51.88	1992
"Reservoir Dogs"	TRUE	"fucking"	51.98	1992
"Reservoir Dogs"	TRUE	"fucking"	53.28	1992
"Reservoir Dogs"	TRUE	"shit"	53.43	1992
"Reservoir Dogs"	TRUE	"bitch"	53.93	1992
"Reservoir Dogs"	TRUE	"bullshit"	54.25	1992
"Reservoir Dogs"	TRUE	"fuck"	54.3	1992
"Reservoir Dogs"	TRUE	"fuck"	56.73	1992
"Reservoir Dogs"	FALSE	NA	59.93	1992
"Reservoir Dogs"	TRUE	"shit"	61	1992
"Reservoir Dogs"	TRUE	"shit"	62.15	1992
"Reservoir Dogs"	TRUE	"fuck"	62.28	1992
"Reservoir Dogs"	TRUE	"fuck"	62.83	1992
"Reservoir Dogs"	TRUE	"fuck"	62.91	1992
"Reservoir Dogs"	TRUE	"fucking"	62.95	1992
"Reservoir Dogs"	TRUE	"bastard"	62.95	1992
"Reservoir Dogs"	TRUE	"fuck"	63.15	1992
"Reservoir Dogs"	TRUE	"fucking"	63.21	1992
"Reservoir Dogs"	TRUE	"fucking"	63.26	1992
"Reservoir Dogs"	TRUE	"fucking"	63.3	1992
"Reservoir Dogs"	TRUE	"fuck"	63.33	1992
"Reservoir Dogs"	TRUE	"fuck"	63.35	1992
"Reservoir Dogs"	TRUE	"fucking"	63.38	1992
"Reservoir Dogs"	TRUE	"fucking"	62.41	1992
"Reservoir Dogs"	TRUE	"pussy"	63.81	1992
"Reservoir Dogs"	TRUE	"fucking"	63.91	1992
"Reservoir Dogs"	TRUE	"motherfucker"	64.31	1992
"Reservoir Dogs"	TRUE	"ass"	64.46	1992
"Reservoir Dogs"	TRUE	"goddamn"	64.75	1992
"Reservoir Dogs"	TRUE	"fucking"	64.76	1992
"Reservoir Dogs"	TRUE	"motherfucker"	65.15	1992
"Reservoir Dogs"	TRUE	"ass"	65.65	1992
"Reservoir Dogs"	TRUE	"damned"	65.73	1992
"Reservoir Dogs"	TRUE	"motherfucker"	65.76	1992
"Reservoir Dogs"	TRUE	"ass"	65.76	1992
"Reservoir Dogs"	TRUE	"fucking"	66.05	1992
"Reservoir Dogs"	TRUE	"fucking"	66.35	1992
"Reservoir Dogs"	TRUE	"fucking"	66.36	1992
"Reservoir Dogs"	TRUE	"fucking"	66.46	1992
"Reservoir Dogs"	TRUE	"fucking"	66.5	1992
"Reservoir Dogs"	TRUE	"ass"	66.5	1992
"Reservoir Dogs"	TRUE	"hell"	66.96	1992
"Reservoir Dogs"	TRUE	"bullshit"	67.03	1992
"Reservoir Dogs"	TRUE	"fucking"	67.21	1992
"Reservoir Dogs"	TRUE	"fucking"	67.28	1992
"Reservoir Dogs"	TRUE	"shit"	67.3	1992
"Reservoir Dogs"	TRUE	"fucking"	67.48	1992
"Reservoir Dogs"	TRUE	"shit"	67.88	1992
"Reservoir Dogs"	TRUE	"motherfucker"	68.01	1992
"Reservoir Dogs"	TRUE	"fucking"	68.66	1992
"Reservoir Dogs"	TRUE	"fucking"	69.25	1992
"Reservoir Dogs"	TRUE	"fuck"	69.28	1992
"Reservoir Dogs"	TRUE	"shit"	69.3	1992
"Reservoir Dogs"	TRUE	"bitch"	69.31	1992
"Reservoir Dogs"	TRUE	"shit"	69.35	1992
"Reservoir Dogs"	TRUE	"ass"	69.46	1992
"Reservoir Dogs"	TRUE	"fucking"	69.48	1992
"Reservoir Dogs"	TRUE	"fucking"	69.51	1992
"Reservoir Dogs"	TRUE	"fucking"	69.53	1992
"Reservoir Dogs"	TRUE	"motherfucker"	69.61	1992
"Reservoir Dogs"	TRUE	"shit"	69.78	1992
"Reservoir Dogs"	TRUE	"fucking"	69.86	1992
"Reservoir Dogs"	TRUE	"ass"	69.88	1992
"Reservoir Dogs"	TRUE	"fucking"	70.06	1992
"Reservoir Dogs"	TRUE	"fucking"	71.63	1992
"Reservoir Dogs"	TRUE	"fuck"	71.95	1992
"Reservoir Dogs"	TRUE	"fucking"	72.16	1992
"Reservoir Dogs"	TRUE	"fucking"	72.4	1992
"Reservoir Dogs"	TRUE	"asshole"	72.58	1992
"Reservoir Dogs"	TRUE	"fucking"	72.61	1992
"Reservoir Dogs"	TRUE	"fucking"	72.95	1992
"Reservoir Dogs"	TRUE	"bitch"	73.05	1992
"Reservoir Dogs"	TRUE	"fucking"	73.28	1992
"Reservoir Dogs"	TRUE	"fucking"	73.36	1992
"Reservoir Dogs"	TRUE	"shit"	74.01	1992
"Reservoir Dogs"	TRUE	"shit"	74.05	1992
"Reservoir Dogs"	TRUE	"bitch"	74.4	1992
"Reservoir Dogs"	TRUE	"shit"	74.43	1992
"Reservoir Dogs"	TRUE	"motherfucker"	74.5	1992
"Reservoir Dogs"	TRUE	"pussy"	76.13	1992
"Reservoir Dogs"	TRUE	"shit"	76.2	1992
"Reservoir Dogs"	TRUE	"fucking"	76.28	1992
"Reservoir Dogs"	TRUE	"fucking"	76.3	1992
"Reservoir Dogs"	TRUE	"bitch"	77.05	1992
"Reservoir Dogs"	TRUE	"bitch"	77.06	1992
"Reservoir Dogs"	TRUE	"fuck"	77.13	1992
"Reservoir Dogs"	TRUE	"n-word"	77.25	1992
"Reservoir Dogs"	TRUE	"shit"	77.28	1992
"Reservoir Dogs"	TRUE	"n-word"	77.33	1992
"Reservoir Dogs"	TRUE	"ass"	77.35	1992
"Reservoir Dogs"	TRUE	"bitches"	77.36	1992
"Reservoir Dogs"	TRUE	"fuck"	77.4	1992
"Reservoir Dogs"	TRUE	"fucking"	78.01	1992
"Reservoir Dogs"	TRUE	"fuck"	78.55	1992
"Reservoir Dogs"	TRUE	"fucking"	78.6	1992
"Reservoir Dogs"	TRUE	"wetback"	78.95	1992
"Reservoir Dogs"	TRUE	"shit"	79.1	1992
"Reservoir Dogs"	TRUE	"fucking"	79.11	1992
"Reservoir Dogs"	TRUE	"shit"	79.36	1992
"Reservoir Dogs"	TRUE	"fucking"	79.4	1992
"Reservoir Dogs"	TRUE	"dick"	79.48	1992
"Reservoir Dogs"	TRUE	"dick"	79.51	1992
"Reservoir Dogs"	TRUE	"fucking"	79.83	1992
"Reservoir Dogs"	TRUE	"fuck"	80.18	1992
"Reservoir Dogs"	TRUE	"bullshit"	80.31	1992
"Reservoir Dogs"	TRUE	"fucking"	80.46	1992
"Reservoir Dogs"	TRUE	"hell"	80.65	1992
"Reservoir Dogs"	TRUE	"faggot"	81.65	1992
"Reservoir Dogs"	TRUE	"shit"	82.05	1992
"Reservoir Dogs"	TRUE	"pussy"	82.08	1992
"Reservoir Dogs"	TRUE	"goddamn"	82.48	1992
"Reservoir Dogs"	TRUE	"fucking"	82.5	1992
"Reservoir Dogs"	TRUE	"fucking"	82.73	1992
"Reservoir Dogs"	TRUE	"goddamn"	82.9	1992
"Reservoir Dogs"	TRUE	"goddamn"	82.96	1992
"Reservoir Dogs"	TRUE	"ass"	83.86	1992
"Reservoir Dogs"	TRUE	"fucking"	84.16	1992
"Reservoir Dogs"	TRUE	"shit"	84.16	1992
"Reservoir Dogs"	TRUE	"bitch"	84.21	1992
"Reservoir Dogs"	TRUE	"fuck"	84.3	1992
"Reservoir Dogs"	TRUE	"fuck"	84.4	1992
"Reservoir Dogs"	TRUE	"bitch"	84.5	1992
"Reservoir Dogs"	TRUE	"fuck"	85.08	1992
"Reservoir Dogs"	TRUE	"fuck"	85.28	1992
"Reservoir Dogs"	TRUE	"fucking"	85.45	1992
"Reservoir Dogs"	FALSE	NA	85.58	1992
"Reservoir Dogs"	FALSE	NA	85.58	1992
"Reservoir Dogs"	FALSE	NA	85.81	1992
"Reservoir Dogs"	TRUE	"fucking"	86.48	1992
"Reservoir Dogs"	FALSE	NA	86.55	1992
"Reservoir Dogs"	TRUE	"fucking"	86.86	1992
"Reservoir Dogs"	TRUE	"shit"	86.91	1992
"Reservoir Dogs"	TRUE	"fucking"	86.96	1992
"Reservoir Dogs"	TRUE	"shit"	87.06	1992
"Reservoir Dogs"	TRUE	"fuck"	87.73	1992
"Reservoir Dogs"	FALSE	NA	88.06	1992
"Reservoir Dogs"	TRUE	"hell"	88.38	1992
"Reservoir Dogs"	TRUE	"shit"	88.45	1992
"Reservoir Dogs"	TRUE	"fucking"	88.76	1992
"Reservoir Dogs"	TRUE	"fucking"	89.38	1992
"Reservoir Dogs"	TRUE	"fucking"	89.45	1992
"Reservoir Dogs"	TRUE	"fucking"	89.48	1992
"Reservoir Dogs"	TRUE	"fucking"	89.95	1992
"Reservoir Dogs"	TRUE	"hell"	90.1	1992
"Reservoir Dogs"	TRUE	"bullshit"	90.15	1992
"Reservoir Dogs"	TRUE	"hell"	90.3	1992
"Reservoir Dogs"	TRUE	"fuck"	90.36	1992
"Reservoir Dogs"	TRUE	"shit"	90.4	1992
"Reservoir Dogs"	TRUE	"fucking"	90.5	1992
"Reservoir Dogs"	TRUE	"fucking"	90.75	1992
"Reservoir Dogs"	TRUE	"shit"	90.88	1992
"Reservoir Dogs"	TRUE	"cocksucker"	90.91	1992
"Reservoir Dogs"	TRUE	"fucking"	91.15	1992
"Reservoir Dogs"	TRUE	"fucking"	91.35	1992
"Reservoir Dogs"	TRUE	"fucking"	91.48	1992
"Reservoir Dogs"	TRUE	"fucking"	91.75	1992
"Reservoir Dogs"	TRUE	"fucking"	91.96	1992
"Reservoir Dogs"	TRUE	"fucking"	92.01	1992
"Reservoir Dogs"	TRUE	"goddamn"	92.05	1992
"Reservoir Dogs"	TRUE	"fucking"	92.13	1992
"Reservoir Dogs"	FALSE	NA	92.15	1992
"Reservoir Dogs"	FALSE	NA	92.15	1992
"Reservoir Dogs"	TRUE	"fucking"	94.73	1992
"Reservoir Dogs"	TRUE	"fucking"	94.75	1992
"Reservoir Dogs"	TRUE	"fucking"	94.83	1992
"Reservoir Dogs"	TRUE	"fucking"	94.9	1992
"Reservoir Dogs"	TRUE	"fucking"	95.21	1992
"Reservoir Dogs"	TRUE	"fucking"	95.33	1992
"Reservoir Dogs"	TRUE	"fucking"	95.33	1992
"Reservoir Dogs"	FALSE	NA	95.4	1992
"Reservoir Dogs"	FALSE	NA	95.4	1992
"Pulp Fiction"	TRUE	"shit"	0.52	1994
"Pulp Fiction"	TRUE	"fucking"	0.82	1994
"Pulp Fiction"	TRUE	"fuck"	1.37	1994
"Pulp Fiction"	TRUE	"fucking"	1.62	1994
"Pulp Fiction"	TRUE	"fucking"	1.73	1994
"Pulp Fiction"	TRUE	"fucking"	1.77	1994
"Pulp Fiction"	TRUE	"fucking"	2.18	1994
"Pulp Fiction"	TRUE	"fuck"	2.22	1994
"Pulp Fiction"	TRUE	"gook"	2.28	1994
"Pulp Fiction"	TRUE	"fuckers"	2.28	1994
"Pulp Fiction"	TRUE	"gooks"	2.42	1994
"Pulp Fiction"	TRUE	"fucking"	2.45	1994
"Pulp Fiction"	TRUE	"fucking"	2.47	1994
"Pulp Fiction"	TRUE	"fucking"	2.53	1994
"Pulp Fiction"	TRUE	"fuck"	2.6	1994
"Pulp Fiction"	TRUE	"fuck"	3.52	1994
"Pulp Fiction"	TRUE	"fucking"	3.58	1994
"Pulp Fiction"	TRUE	"wetback"	3.67	1994
"Pulp Fiction"	TRUE	"fuck"	3.7	1994
"Pulp Fiction"	TRUE	"fucking"	4.68	1994
"Pulp Fiction"	TRUE	"motherfucking"	4.75	1994
"Pulp Fiction"	TRUE	"fucking"	7.7	1994
"Pulp Fiction"	TRUE	"shit"	7.87	1994
"Pulp Fiction"	TRUE	"fuck"	8.25	1994
"Pulp Fiction"	TRUE	"goddamn"	8.67	1994
"Pulp Fiction"	TRUE	"fucking"	8.72	1994
"Pulp Fiction"	TRUE	"shit"	8.72	1994
"Pulp Fiction"	TRUE	"fucking"	9.1	1994
"Pulp Fiction"	TRUE	"n-word"	10.08	1994
"Pulp Fiction"	TRUE	"fucked"	10.17	1994
"Pulp Fiction"	TRUE	"fuck"	10.4	1994
"Pulp Fiction"	TRUE	"ass"	10.73	1994
"Pulp Fiction"	TRUE	"n-word"	10.75	1994
"Pulp Fiction"	TRUE	"n-word"	10.85	1994
"Pulp Fiction"	TRUE	"damn"	10.98	1994
"Pulp Fiction"	TRUE	"pussy"	11.52	1994
"Pulp Fiction"	TRUE	"fucking"	11.55	1994
"Pulp Fiction"	TRUE	"bitch"	11.6	1994
"Pulp Fiction"	TRUE	"bitch"	11.6	1994
"Pulp Fiction"	TRUE	"fucking"	11.63	1994
"Pulp Fiction"	TRUE	"fucking"	11.68	1994
"Pulp Fiction"	TRUE	"fucking"	11.83	1994
"Pulp Fiction"	TRUE	"fucking"	11.88	1994
"Pulp Fiction"	TRUE	"shit"	11.92	1994
"Pulp Fiction"	TRUE	"fucking"	12.03	1994
"Pulp Fiction"	TRUE	"shit"	12.07	1994
"Pulp Fiction"	TRUE	"fuck"	12.2	1994
"Pulp Fiction"	TRUE	"fuck"	12.27	1994
"Pulp Fiction"	TRUE	"motherfucking"	12.88	1994
"Pulp Fiction"	TRUE	"fucking"	12.9	1994
"Pulp Fiction"	TRUE	"n-word"	12.92	1994
"Pulp Fiction"	TRUE	"shit"	12.93	1994
"Pulp Fiction"	TRUE	"motherfucker"	12.95	1994
"Pulp Fiction"	TRUE	"shit"	12.97	1994
"Pulp Fiction"	TRUE	"ass"	12.98	1994
"Pulp Fiction"	TRUE	"motherfucker"	13	1994
"Pulp Fiction"	TRUE	"fucking"	13.23	1994
"Pulp Fiction"	TRUE	"fucking"	13.33	1994
"Pulp Fiction"	TRUE	"fucking"	13.38	1994
"Pulp Fiction"	TRUE	"fucking"	13.43	1994
"Pulp Fiction"	TRUE	"shit"	13.47	1994
"Pulp Fiction"	TRUE	"motherfucker"	16.78	1994
"Pulp Fiction"	TRUE	"shit"	17.4	1994
"Pulp Fiction"	TRUE	"goddamn"	17.45	1994
"Pulp Fiction"	TRUE	"ass"	18.38	1994
"Pulp Fiction"	TRUE	"shit"	18.4	1994
"Pulp Fiction"	TRUE	"fucked"	18.62	1994
"Pulp Fiction"	FALSE	NA	18.7	1994
"Pulp Fiction"	TRUE	"motherfucker"	19.33	1994
"Pulp Fiction"	TRUE	"motherfucker"	19.57	1994
"Pulp Fiction"	TRUE	"goddamn"	19.58	1994
"Pulp Fiction"	TRUE	"bitch"	19.7	1994
"Pulp Fiction"	TRUE	"bitch"	19.82	1994
"Pulp Fiction"	TRUE	"fuck"	19.85	1994
"Pulp Fiction"	TRUE	"bitch"	19.85	1994
"Pulp Fiction"	TRUE	"fuck"	19.95	1994
"Pulp Fiction"	TRUE	"fucked"	20	1994
"Pulp Fiction"	FALSE	NA	20.95	1994
"Pulp Fiction"	TRUE	"shit"	21.32	1994
"Pulp Fiction"	TRUE	"motherfucker"	21.42	1994
"Pulp Fiction"	TRUE	"motherfucking"	21.82	1994
"Pulp Fiction"	TRUE	"ass"	21.88	1994
"Pulp Fiction"	TRUE	"motherfuckers"	22.03	1994
"Pulp Fiction"	TRUE	"motherfuckers"	22.08	1994
"Pulp Fiction"	TRUE	"ass"	22.1	1994
"Pulp Fiction"	TRUE	"n-word"	23.07	1994
"Pulp Fiction"	TRUE	"fucking"	23.47	1994
"Pulp Fiction"	TRUE	"fuck"	23.52	1994
"Pulp Fiction"	TRUE	"shit"	23.7	1994
"Pulp Fiction"	TRUE	"ass"	24.07	1994
"Pulp Fiction"	TRUE	"ass"	24.23	1994
"Pulp Fiction"	TRUE	"asses"	24.4	1994
"Pulp Fiction"	TRUE	"goddamn"	24.45	1994
"Pulp Fiction"	TRUE	"n-word"	24.45	1994
"Pulp Fiction"	TRUE	"fucking"	25.08	1994
"Pulp Fiction"	TRUE	"goddamn"	25.12	1994
"Pulp Fiction"	TRUE	"fucking"	25.17	1994
"Pulp Fiction"	TRUE	"fucking"	25.28	1994
"Pulp Fiction"	TRUE	"shit"	25.33	1994
"Pulp Fiction"	TRUE	"fucking"	25.37	1994
"Pulp Fiction"	TRUE	"asshole"	25.42	1994
"Pulp Fiction"	TRUE	"n-word"	25.88	1994
"Pulp Fiction"	TRUE	"ass"	25.92	1994
"Pulp Fiction"	TRUE	"shit"	27.75	1994
"Pulp Fiction"	TRUE	"fucking"	27.78	1994
"Pulp Fiction"	TRUE	"n-word"	27.88	1994
"Pulp Fiction"	TRUE	"shit"	27.98	1994
"Pulp Fiction"	TRUE	"shit"	27.98	1994
"Pulp Fiction"	TRUE	"shit"	28.03	1994
"Pulp Fiction"	TRUE	"shit"	28.08	1994
"Pulp Fiction"	TRUE	"fucking"	28.1	1994
"Pulp Fiction"	TRUE	"fucking"	28.22	1994
"Pulp Fiction"	TRUE	"fucking"	28.3	1994
"Pulp Fiction"	TRUE	"shit"	28.98	1994
"Pulp Fiction"	TRUE	"fucker"	29.43	1994
"Pulp Fiction"	TRUE	"fucking"	29.47	1994
"Pulp Fiction"	TRUE	"fucked"	29.52	1994
"Pulp Fiction"	TRUE	"dickless"	29.63	1994
"Pulp Fiction"	TRUE	"shit"	29.65	1994
"Pulp Fiction"	TRUE	"fucked"	29.67	1994
"Pulp Fiction"	TRUE	"fucking"	29.68	1994
"Pulp Fiction"	TRUE	"asshole"	29.82	1994
"Pulp Fiction"	TRUE	"fucker"	29.88	1994
"Pulp Fiction"	TRUE	"chickenshit"	29.92	1994
"Pulp Fiction"	TRUE	"fucking"	29.92	1994
"Pulp Fiction"	TRUE	"fuck"	29.97	1994
"Pulp Fiction"	TRUE	"fuck"	34.25	1994
"Pulp Fiction"	TRUE	"hell"	37.02	1994
"Pulp Fiction"	TRUE	"hell"	37.03	1994
"Pulp Fiction"	TRUE	"goddamn"	41.05	1994
"Pulp Fiction"	TRUE	"fucking"	41.05	1994
"Pulp Fiction"	TRUE	"fucking"	41.12	1994
"Pulp Fiction"	TRUE	"bullshit"	41.9	1994
"Pulp Fiction"	TRUE	"fuck"	42.1	1994
"Pulp Fiction"	TRUE	"goddamn"	42.98	1994
"Pulp Fiction"	TRUE	"goddamn"	43	1994
"Pulp Fiction"	TRUE	"goddamn"	43.03	1994
"Pulp Fiction"	TRUE	"fucking"	54.58	1994
"Pulp Fiction"	TRUE	"fuck"	54.63	1994
"Pulp Fiction"	TRUE	"fuck"	54.67	1994
"Pulp Fiction"	TRUE	"fuck"	54.68	1994
"Pulp Fiction"	TRUE	"fucking"	54.97	1994
"Pulp Fiction"	TRUE	"fuck"	55	1994
"Pulp Fiction"	TRUE	"fuck"	55.48	1994
"Pulp Fiction"	TRUE	"goddamn"	55.75	1994
"Pulp Fiction"	TRUE	"fucking"	55.83	1994
"Pulp Fiction"	TRUE	"assholes"	55.83	1994
"Pulp Fiction"	TRUE	"fucking"	55.93	1994
"Pulp Fiction"	TRUE	"asshole"	55.93	1994
"Pulp Fiction"	TRUE	"fucking"	56.1	1994
"Pulp Fiction"	TRUE	"fucking"	56.22	1994
"Pulp Fiction"	TRUE	"fucking"	56.28	1994
"Pulp Fiction"	TRUE	"fucked"	56.32	1994
"Pulp Fiction"	TRUE	"fucking"	56.38	1994
"Pulp Fiction"	TRUE	"fucking"	56.45	1994
"Pulp Fiction"	TRUE	"fucking"	56.53	1994
"Pulp Fiction"	TRUE	"fucked"	56.55	1994
"Pulp Fiction"	TRUE	"fucking"	56.55	1994
"Pulp Fiction"	TRUE	"hell"	56.92	1994
"Pulp Fiction"	TRUE	"fucking"	56.98	1994
"Pulp Fiction"	TRUE	"shit"	57.02	1994
"Pulp Fiction"	TRUE	"fuck"	57.03	1994
"Pulp Fiction"	TRUE	"fucking"	57.05	1994
"Pulp Fiction"	TRUE	"fucked"	57.12	1994
"Pulp Fiction"	TRUE	"bitch"	57.12	1994
"Pulp Fiction"	TRUE	"fucked"	57.17	1994
"Pulp Fiction"	TRUE	"bitch"	57.18	1994
"Pulp Fiction"	TRUE	"fucking"	57.25	1994
"Pulp Fiction"	TRUE	"fucking"	57.38	1994
"Pulp Fiction"	TRUE	"shit"	57.45	1994
"Pulp Fiction"	TRUE	"shit"	57.57	1994
"Pulp Fiction"	TRUE	"goddamn"	57.62	1994
"Pulp Fiction"	TRUE	"fuck"	57.63	1994
"Pulp Fiction"	TRUE	"hell"	57.82	1994
"Pulp Fiction"	TRUE	"fucking"	57.85	1994
"Pulp Fiction"	TRUE	"fuck"	57.85	1994
"Pulp Fiction"	TRUE	"fuck"	57.87	1994
"Pulp Fiction"	TRUE	"fucking"	57.88	1994
"Pulp Fiction"	TRUE	"bitch"	57.9	1994
"Pulp Fiction"	TRUE	"fuck"	57.98	1994
"Pulp Fiction"	TRUE	"fucking"	58.15	1994
"Pulp Fiction"	TRUE	"fucking"	58.48	1994
"Pulp Fiction"	TRUE	"fuck"	58.87	1994
"Pulp Fiction"	TRUE	"fucking"	58.88	1994
"Pulp Fiction"	TRUE	"fucking"	59.05	1994
"Pulp Fiction"	TRUE	"fucking"	59.27	1994
"Pulp Fiction"	TRUE	"fuck"	59.32	1994
"Pulp Fiction"	TRUE	"bitch"	59.65	1994
"Pulp Fiction"	TRUE	"fucking"	59.97	1994
"Pulp Fiction"	TRUE	"fucking"	60.15	1994
"Pulp Fiction"	TRUE	"fucking"	60.93	1994
"Pulp Fiction"	TRUE	"hell"	64.47	1994
"Pulp Fiction"	TRUE	"gooks"	67.33	1994
"Pulp Fiction"	TRUE	"damned"	67.5	1994
"Pulp Fiction"	TRUE	"slope"	67.5	1994
"Pulp Fiction"	TRUE	"ass"	67.6	1994
"Pulp Fiction"	TRUE	"ass"	67.67	1994
"Pulp Fiction"	TRUE	"ass"	67.78	1994
"Pulp Fiction"	TRUE	"ass"	70.3	1994
"Pulp Fiction"	TRUE	"ass"	70.38	1994
"Pulp Fiction"	TRUE	"goddamn"	70.4	1994
"Pulp Fiction"	TRUE	"motherfucker"	70.5	1994
"Pulp Fiction"	TRUE	"n-word"	70.55	1994
"Pulp Fiction"	TRUE	"ass"	70.6	1994
"Pulp Fiction"	TRUE	"shit"	72.98	1994
"Pulp Fiction"	TRUE	"fuck"	73.78	1994
"Pulp Fiction"	TRUE	"fuck"	73.92	1994
"Pulp Fiction"	TRUE	"fucking"	74.02	1994
"Pulp Fiction"	TRUE	"fuck"	74.12	1994
"Pulp Fiction"	TRUE	"fuck"	74.45	1994
"Pulp Fiction"	TRUE	"goddamn"	74.72	1994
"Pulp Fiction"	TRUE	"damn"	77.47	1994
"Pulp Fiction"	TRUE	"fuckhead"	80.7	1994
"Pulp Fiction"	TRUE	"merde"	82.75	1994
"Pulp Fiction"	TRUE	"fucking"	84.95	1994
"Pulp Fiction"	TRUE	"fuck"	84.95	1994
"Pulp Fiction"	TRUE	"fuck"	85.28	1994
"Pulp Fiction"	TRUE	"fucking"	85.42	1994
"Pulp Fiction"	TRUE	"shit"	85.58	1994
"Pulp Fiction"	TRUE	"fucking"	85.65	1994
"Pulp Fiction"	TRUE	"fuck"	85.78	1994
"Pulp Fiction"	TRUE	"fuck"	86.03	1994
"Pulp Fiction"	TRUE	"fuck"	86.03	1994
"Pulp Fiction"	TRUE	"fuck"	86.05	1994
"Pulp Fiction"	TRUE	"motherfucker"	86.07	1994
"Pulp Fiction"	TRUE	"fuck"	86.1	1994
"Pulp Fiction"	TRUE	"fucking"	86.15	1994
"Pulp Fiction"	TRUE	"fucking"	86.15	1994
"Pulp Fiction"	TRUE	"fuck"	86.8	1994
"Pulp Fiction"	TRUE	"shit"	88.03	1994
"Pulp Fiction"	TRUE	"fucking"	88.05	1994
"Pulp Fiction"	TRUE	"fucking"	88.07	1994
"Pulp Fiction"	FALSE	NA	91.75	1994
"Pulp Fiction"	TRUE	"motherfucker"	94.7	1994
"Pulp Fiction"	TRUE	"damned"	95.35	1994
"Pulp Fiction"	TRUE	"fuck"	96.08	1994
"Pulp Fiction"	TRUE	"motherfucker"	96.2	1994
"Pulp Fiction"	TRUE	"fucking"	96.32	1994
"Pulp Fiction"	TRUE	"shit"	96.33	1994
"Pulp Fiction"	TRUE	"motherfucking"	96.45	1994
"Pulp Fiction"	TRUE	"goddamn"	96.5	1994
"Pulp Fiction"	TRUE	"n-word"	96.78	1994
"Pulp Fiction"	TRUE	"n-word"	100.53	1994
"Pulp Fiction"	TRUE	"goddamn"	102.35	1994
"Pulp Fiction"	TRUE	"goddamn"	102.38	1994
"Pulp Fiction"	TRUE	"fucker"	102.63	1994
"Pulp Fiction"	TRUE	"motherfucker"	102.67	1994
"Pulp Fiction"	TRUE	"motherfucker"	103.35	1994
"Pulp Fiction"	TRUE	"fuck"	103.93	1994
"Pulp Fiction"	TRUE	"fuck"	104.88	1994
"Pulp Fiction"	TRUE	"fuck"	104.95	1994
"Pulp Fiction"	FALSE	NA	105.45	1994
"Pulp Fiction"	TRUE	"fuck"	106.4	1994
"Pulp Fiction"	TRUE	"fucking"	106.62	1994
"Pulp Fiction"	TRUE	"n-word"	107.08	1994
"Pulp Fiction"	TRUE	"damn"	107.33	1994
"Pulp Fiction"	TRUE	"ass"	107.37	1994
"Pulp Fiction"	TRUE	"ass"	108.22	1994
"Pulp Fiction"	TRUE	"ass"	108.73	1994
"Pulp Fiction"	TRUE	"shit"	109.97	1994
"Pulp Fiction"	TRUE	"fuck"	110	1994
"Pulp Fiction"	TRUE	"fucking"	110.7	1994
"Pulp Fiction"	TRUE	"fucking"	111.15	1994
"Pulp Fiction"	TRUE	"fuck"	111.73	1994
"Pulp Fiction"	TRUE	"fucked"	111.78	1994
"Pulp Fiction"	FALSE	NA	112.73	1994
"Pulp Fiction"	TRUE	"fucked"	112.87	1994
"Pulp Fiction"	TRUE	"fucked"	112.87	1994
"Pulp Fiction"	TRUE	"fuck"	112.88	1994
"Pulp Fiction"	TRUE	"goddamn"	112.95	1994
"Pulp Fiction"	TRUE	"damn"	112.97	1994
"Pulp Fiction"	TRUE	"fuck"	112.98	1994
"Pulp Fiction"	TRUE	"shit"	113.08	1994
"Pulp Fiction"	TRUE	"motherfuckers"	113.13	1994
"Pulp Fiction"	FALSE	NA	113.37	1994
"Pulp Fiction"	TRUE	"fuck"	113.65	1994
"Pulp Fiction"	TRUE	"goddamn"	113.75	1994
"Pulp Fiction"	TRUE	"fucking"	113.93	1994
"Pulp Fiction"	TRUE	"shit"	114.03	1994
"Pulp Fiction"	TRUE	"motherfucking"	114.43	1994
"Pulp Fiction"	TRUE	"fucking"	114.52	1994
"Pulp Fiction"	TRUE	"shit"	114.53	1994
"Pulp Fiction"	TRUE	"fucking"	114.57	1994
"Pulp Fiction"	TRUE	"shit"	114.6	1994
"Pulp Fiction"	TRUE	"shit"	114.63	1994
"Pulp Fiction"	TRUE	"fucking"	114.75	1994
"Pulp Fiction"	TRUE	"fucking"	114.85	1994
"Pulp Fiction"	TRUE	"n-word"	115.08	1994
"Pulp Fiction"	TRUE	"shit"	115.12	1994
"Pulp Fiction"	TRUE	"fucking"	115.53	1994
"Pulp Fiction"	TRUE	"fuck"	115.55	1994
"Pulp Fiction"	TRUE	"ass"	115.63	1994
"Pulp Fiction"	TRUE	"goddamn"	115.68	1994
"Pulp Fiction"	TRUE	"fucking"	115.72	1994
"Pulp Fiction"	TRUE	"ass"	115.87	1994
"Pulp Fiction"	TRUE	"damn"	115.88	1994
"Pulp Fiction"	FALSE	NA	116.08	1994
"Pulp Fiction"	TRUE	"fuck"	116.1	1994
"Pulp Fiction"	TRUE	"shit"	116.12	1994
"Pulp Fiction"	TRUE	"fuck"	116.17	1994
"Pulp Fiction"	TRUE	"ass"	116.23	1994
"Pulp Fiction"	TRUE	"shit"	116.23	1994
"Pulp Fiction"	TRUE	"motherfucking"	116.33	1994
"Pulp Fiction"	TRUE	"bitch"	116.38	1994
"Pulp Fiction"	TRUE	"fucking"	116.42	1994
"Pulp Fiction"	TRUE	"motherfucker"	116.5	1994
"Pulp Fiction"	TRUE	"shit"	116.55	1994
"Pulp Fiction"	TRUE	"fucking"	116.57	1994
"Pulp Fiction"	TRUE	"fucking"	116.67	1994
"Pulp Fiction"	TRUE	"shit"	116.7	1994
"Pulp Fiction"	TRUE	"ass"	116.83	1994
"Pulp Fiction"	TRUE	"fuck"	116.85	1994
"Pulp Fiction"	TRUE	"fucking"	117.02	1994
"Pulp Fiction"	TRUE	"shit"	117.02	1994
"Pulp Fiction"	TRUE	"fucking"	117.13	1994
"Pulp Fiction"	TRUE	"asses"	117.18	1994
"Pulp Fiction"	TRUE	"shit"	117.52	1994
"Pulp Fiction"	TRUE	"shit"	117.53	1994
"Pulp Fiction"	TRUE	"shit"	117.6	1994
"Pulp Fiction"	TRUE	"ass"	117.63	1994
"Pulp Fiction"	TRUE	"fuck"	117.65	1994
"Pulp Fiction"	TRUE	"n-word"	117.65	1994
"Pulp Fiction"	TRUE	"fuck"	117.67	1994
"Pulp Fiction"	TRUE	"shit"	117.78	1994
"Pulp Fiction"	TRUE	"fucking"	117.87	1994
"Pulp Fiction"	TRUE	"goddamn"	117.9	1994
"Pulp Fiction"	TRUE	"shit"	117.98	1994
"Pulp Fiction"	TRUE	"goddamn"	118.4	1994
"Pulp Fiction"	TRUE	"shit"	118.45	1994
"Pulp Fiction"	TRUE	"shit"	118.58	1994
"Pulp Fiction"	TRUE	"fucking"	118.68	1994
"Pulp Fiction"	TRUE	"shit"	118.77	1994
"Pulp Fiction"	TRUE	"n-word"	118.92	1994
"Pulp Fiction"	TRUE	"n-word"	119.07	1994
"Pulp Fiction"	TRUE	"shit"	119.12	1994
"Pulp Fiction"	TRUE	"n-word"	119.17	1994
"Pulp Fiction"	TRUE	"n-word"	119.3	1994
"Pulp Fiction"	TRUE	"fucking"	119.32	1994
"Pulp Fiction"	TRUE	"motherfucker"	119.37	1994
"Pulp Fiction"	TRUE	"fucking"	119.4	1994
"Pulp Fiction"	TRUE	"fucking"	119.52	1994
"Pulp Fiction"	TRUE	"fucking"	119.57	1994
"Pulp Fiction"	TRUE	"fucking"	119.72	1994
"Pulp Fiction"	TRUE	"fucking"	119.77	1994
"Pulp Fiction"	TRUE	"fuck"	120.12	1994
"Pulp Fiction"	TRUE	"fuck"	120.18	1994
"Pulp Fiction"	TRUE	"shit"	120.18	1994
"Pulp Fiction"	TRUE	"fuck"	120.25	1994
"Pulp Fiction"	TRUE	"shit"	120.25	1994
"Pulp Fiction"	TRUE	"fucking"	120.27	1994
"Pulp Fiction"	TRUE	"shit"	120.27	1994
"Pulp Fiction"	TRUE	"fuck"	120.3	1994
"Pulp Fiction"	TRUE	"shit"	120.3	1994
"Pulp Fiction"	TRUE	"fucking"	120.55	1994
"Pulp Fiction"	TRUE	"shit"	120.55	1994
"Pulp Fiction"	TRUE	"shit"	120.83	1994
"Pulp Fiction"	TRUE	"motherfucking"	121.03	1994
"Pulp Fiction"	TRUE	"ass"	121.07	1994
"Pulp Fiction"	TRUE	"motherfucker"	121.12	1994
"Pulp Fiction"	TRUE	"n-word"	121.13	1994
"Pulp Fiction"	TRUE	"motherfucker"	121.27	1994
"Pulp Fiction"	TRUE	"n-word"	121.32	1994
"Pulp Fiction"	TRUE	"motherfucker"	121.45	1994
"Pulp Fiction"	TRUE	"shit"	121.47	1994
"Pulp Fiction"	TRUE	"motherfucker"	123.85	1994
"Pulp Fiction"	TRUE	"fucking"	125.57	1994
"Pulp Fiction"	TRUE	"fucking"	126	1994
"Pulp Fiction"	TRUE	"ass"	128	1994
"Pulp Fiction"	TRUE	"shit"	128	1994
"Pulp Fiction"	TRUE	"fucked"	128.03	1994
"Pulp Fiction"	TRUE	"shit"	128.03	1994
"Pulp Fiction"	TRUE	"fuck"	128.17	1994
"Pulp Fiction"	TRUE	"shit"	128.18	1994
"Pulp Fiction"	TRUE	"motherfucker"	128.2	1994
"Pulp Fiction"	TRUE	"shit"	128.22	1994
"Pulp Fiction"	TRUE	"ass"	128.27	1994
"Pulp Fiction"	TRUE	"fucking"	128.35	1994
"Pulp Fiction"	TRUE	"fucking"	128.4	1994
"Pulp Fiction"	TRUE	"fucking"	128.43	1994
"Pulp Fiction"	TRUE	"motherfucker"	128.53	1994
"Pulp Fiction"	TRUE	"motherfucker"	128.53	1994
"Pulp Fiction"	TRUE	"fuck"	128.67	1994
"Pulp Fiction"	TRUE	"motherfucker"	128.68	1994
"Pulp Fiction"	TRUE	"fucking"	128.73	1994
"Pulp Fiction"	TRUE	"n-word"	128.78	1994
"Pulp Fiction"	TRUE	"dicks"	129.12	1994
"Pulp Fiction"	TRUE	"shit"	129.52	1994
"Pulp Fiction"	TRUE	"ass"	129.33	1994
"Pulp Fiction"	TRUE	"goddamn"	129.5	1994
"Pulp Fiction"	TRUE	"shit"	129.83	1994
"Pulp Fiction"	TRUE	"goddamn"	130.08	1994
"Pulp Fiction"	TRUE	"fucking"	130.1	1994
"Pulp Fiction"	TRUE	"fuck"	130.22	1994
"Pulp Fiction"	TRUE	"fuck"	130.22	1994
"Pulp Fiction"	TRUE	"damn"	130.25	1994
"Pulp Fiction"	TRUE	"goddamn"	130.3	1994
"Pulp Fiction"	TRUE	"motherfucker"	130.9	1994
"Pulp Fiction"	TRUE	"fucking"	131.5	1994
"Pulp Fiction"	TRUE	"shit"	131.57	1994
"Pulp Fiction"	TRUE	"fucking"	131.85	1994
"Pulp Fiction"	TRUE	"fucking"	133.48	1994
"Pulp Fiction"	TRUE	"fucking"	133.55	1994
"Pulp Fiction"	TRUE	"fucking"	133.63	1994
"Pulp Fiction"	TRUE	"motherfuckers"	134	1994
"Pulp Fiction"	TRUE	"shit"	134.05	1994
"Pulp Fiction"	TRUE	"motherfucking"	134.55	1994
"Pulp Fiction"	TRUE	"shit"	134.85	1994
"Pulp Fiction"	TRUE	"shit"	135.35	1994
"Pulp Fiction"	TRUE	"shit"	135.38	1994
"Pulp Fiction"	TRUE	"fucking"	135.47	1994
"Pulp Fiction"	TRUE	"shit"	135.48	1994
"Pulp Fiction"	TRUE	"fucking"	135.77	1994
"Pulp Fiction"	TRUE	"fuck"	135.93	1994
"Pulp Fiction"	TRUE	"shit"	136.6	1994
"Pulp Fiction"	TRUE	"fucking"	136.8	1994
"Pulp Fiction"	TRUE	"fucking"	137.05	1994
"Pulp Fiction"	TRUE	"shit"	137.22	1994
"Pulp Fiction"	TRUE	"fuck"	137.57	1994
"Pulp Fiction"	TRUE	"fucking"	137.93	1994
"Pulp Fiction"	TRUE	"motherfuckers"	138	1994
"Pulp Fiction"	TRUE	"fuck"	138.1	1994
"Pulp Fiction"	TRUE	"fucking"	138.22	1994
"Pulp Fiction"	TRUE	"fuck"	138.23	1994
"Pulp Fiction"	TRUE	"fuck"	138.28	1994
"Pulp Fiction"	TRUE	"fucking"	138.3	1994
"Pulp Fiction"	TRUE	"fucking"	138.33	1994
"Pulp Fiction"	TRUE	"fucking"	138.37	1994
"Pulp Fiction"	TRUE	"fuck"	138.43	1994
"Pulp Fiction"	TRUE	"fucking"	138.48	1994
"Pulp Fiction"	TRUE	"fucking"	138.65	1994
"Pulp Fiction"	TRUE	"fucking"	138.68	1994
"Pulp Fiction"	TRUE	"fuck"	138.87	1994
"Pulp Fiction"	TRUE	"fucking"	139	1994
"Pulp Fiction"	TRUE	"fuck"	139.23	1994
"Pulp Fiction"	TRUE	"fucking"	139.53	1994
"Pulp Fiction"	TRUE	"fucking"	139.6	1994
"Pulp Fiction"	TRUE	"fucking"	139.75	1994
"Pulp Fiction"	TRUE	"fucking"	139.85	1994
"Pulp Fiction"	TRUE	"fucking"	139.97	1994
"Pulp Fiction"	TRUE	"fuck"	140.05	1994
"Pulp Fiction"	TRUE	"shit"	140.72	1994
"Pulp Fiction"	TRUE	"fucking"	141.05	1994
"Pulp Fiction"	TRUE	"fuck"	141.15	1994
"Pulp Fiction"	TRUE	"goddamn"	141.18	1994
"Pulp Fiction"	TRUE	"fucking"	141.43	1994
"Pulp Fiction"	TRUE	"goddamn"	142.23	1994
"Pulp Fiction"	TRUE	"bitch"	142.37	1994
"Pulp Fiction"	TRUE	"bitch"	142.4	1994
"Pulp Fiction"	TRUE	"bitch"	142.42	1994
"Pulp Fiction"	TRUE	"fucking"	142.45	1994
"Pulp Fiction"	TRUE	"bitch"	142.45	1994
"Pulp Fiction"	TRUE	"fucking"	142.5	1994
"Pulp Fiction"	TRUE	"bitch"	142.5	1994
"Pulp Fiction"	TRUE	"motherfuckers"	143.77	1994
"Pulp Fiction"	TRUE	"motherfuckers"	143.8	1994
"Pulp Fiction"	TRUE	"asses"	144.25	1994
"Pulp Fiction"	TRUE	"fucking"	144.27	1994
"Pulp Fiction"	TRUE	"shit"	144.3	1994
"Pulp Fiction"	TRUE	"shit"	144.48	1994
"Pulp Fiction"	TRUE	"ass"	144.53	1994
"Pulp Fiction"	TRUE	"goddamn"	144.82	1994
"Pulp Fiction"	TRUE	"motherfucker"	145.38	1994
"Pulp Fiction"	TRUE	"motherfucker"	145.68	1994
"Pulp Fiction"	TRUE	"fucking"	146.23	1994
"Pulp Fiction"	TRUE	"goddamn"	146.3	1994
"Pulp Fiction"	TRUE	"motherfucking"	146.32	1994
"Pulp Fiction"	TRUE	"fuck"	146.35	1994
"Pulp Fiction"	TRUE	"ass"	146.67	1994
"Pulp Fiction"	TRUE	"shit"	147.43	1994
"Pulp Fiction"	TRUE	"ass"	147.48	1994
"Pulp Fiction"	TRUE	"shit"	147.58	1994
"Pulp Fiction"	TRUE	"motherfucker"	147.6	1994
"Pulp Fiction"	TRUE	"ass"	147.62	1994
"Pulp Fiction"	TRUE	"shit"	147.65	1994
"Pulp Fiction"	TRUE	"ass"	147.9	1994
"Pulp Fiction"	TRUE	"shit"	148.15	1994
"Kill Bill: Vol. 1"	TRUE	"bitch"	7.12	2003
"Kill Bill: Vol. 1"	TRUE	"ass"	8.1	2003
"Kill Bill: Vol. 1"	TRUE	"damn"	8.12	2003
"Kill Bill: Vol. 1"	TRUE	"bitch"	10.45	2003
"Kill Bill: Vol. 1"	TRUE	"shit"	10.5	2003
"Kill Bill: Vol. 1"	TRUE	"fucked"	10.95	2003
"Kill Bill: Vol. 1"	TRUE	"fucked"	10.98	2003
"Kill Bill: Vol. 1"	TRUE	"bitch"	11.87	2003
"Kill Bill: Vol. 1"	TRUE	"goddamn"	12.17	2003
"Kill Bill: Vol. 1"	TRUE	"fucking"	12.17	2003
"Kill Bill: Vol. 1"	TRUE	"bitch"	12.48	2003
"Kill Bill: Vol. 1"	TRUE	"fuck"	13.07	2003
"Kill Bill: Vol. 1"	TRUE	"bitch"	13.08	2003
"Kill Bill: Vol. 1"	TRUE	"shit"	13.13	2003
"Kill Bill: Vol. 1"	TRUE	"motherfucking"	13.18	2003
"Kill Bill: Vol. 1"	TRUE	"ass"	13.18	2003
"Kill Bill: Vol. 1"	TRUE	"motherfucking"	13.28	2003
"Kill Bill: Vol. 1"	TRUE	"bitch"	13.42	2003
"Kill Bill: Vol. 1"	FALSE	NA	13.53	2003
"Kill Bill: Vol. 1"	TRUE	"goddamn"	17.2	2003
"Kill Bill: Vol. 1"	TRUE	"hell"	17.58	2003
"Kill Bill: Vol. 1"	TRUE	"goddamn"	18.02	2003
"Kill Bill: Vol. 1"	TRUE	"shit"	18.07	2003
"Kill Bill: Vol. 1"	TRUE	"goddamn"	19.32	2003
"Kill Bill: Vol. 1"	TRUE	"cocksucker"	19.73	2003
"Kill Bill: Vol. 1"	TRUE	"fuck"	22.93	2003
"Kill Bill: Vol. 1"	TRUE	"shit"	23.4	2003
"Kill Bill: Vol. 1"	TRUE	"shit"	23.45	2003
"Kill Bill: Vol. 1"	TRUE	"fucking"	25.02	2003
"Kill Bill: Vol. 1"	TRUE	"shithead"	25.12	2003
"Kill Bill: Vol. 1"	TRUE	"fuck"	28.03	2003
"Kill Bill: Vol. 1"	TRUE	"cunt"	28.43	2003
"Kill Bill: Vol. 1"	TRUE	"shit"	28.88	2003
"Kill Bill: Vol. 1"	TRUE	"goddamn"	29.37	2003
"Kill Bill: Vol. 1"	FALSE	NA	29.75	2003
"Kill Bill: Vol. 1"	TRUE	"bullshit"	31.07	2003
"Kill Bill: Vol. 1"	TRUE	"shit"	31.32	2003
"Kill Bill: Vol. 1"	TRUE	"fuck"	31.42	2003
"Kill Bill: Vol. 1"	TRUE	"fuck"	31.6	2003
"Kill Bill: Vol. 1"	FALSE	NA	31.68	2003
"Kill Bill: Vol. 1"	TRUE	"pussy"	32.12	2003
"Kill Bill: Vol. 1"	TRUE	"fucker"	32.15	2003
"Kill Bill: Vol. 1"	TRUE	"cunts"	35.15	2003
"Kill Bill: Vol. 1"	TRUE	"dicks"	35.22	2003
"Kill Bill: Vol. 1"	FALSE	NA	37.65	2003
"Kill Bill: Vol. 1"	FALSE	NA	39.57	2003
"Kill Bill: Vol. 1"	FALSE	NA	41.03	2003
"Kill Bill: Vol. 1"	FALSE	NA	42.57	2003
"Kill Bill: Vol. 1"	FALSE	NA	42.77	2003
"Kill Bill: Vol. 1"	FALSE	NA	43.48	2003
"Kill Bill: Vol. 1"	TRUE	"shit"	46.45	2003
"Kill Bill: Vol. 1"	TRUE	"bastard"	46.47	2003
"Kill Bill: Vol. 1"	TRUE	"ass"	46.63	2003
"Kill Bill: Vol. 1"	TRUE	"goddamn"	47.97	2003
"Kill Bill: Vol. 1"	TRUE	"hell"	48.03	2003
"Kill Bill: Vol. 1"	TRUE	"damn"	48.6	2003
"Kill Bill: Vol. 1"	FALSE	NA	60.57	2003
"Kill Bill: Vol. 1"	TRUE	"bastard"	62.33	2003
"Kill Bill: Vol. 1"	TRUE	"fuckface"	62.35	2003
"Kill Bill: Vol. 1"	TRUE	"bitch"	62.87	2003
"Kill Bill: Vol. 1"	FALSE	NA	62.97	2003
"Kill Bill: Vol. 1"	TRUE	"fucking"	64.2	2003
"Kill Bill: Vol. 1"	TRUE	"fucker"	64.23	2003
"Kill Bill: Vol. 1"	TRUE	"bitches"	64.32	2003
"Kill Bill: Vol. 1"	TRUE	"fucking"	64.38	2003
"Kill Bill: Vol. 1"	TRUE	"goddamn"	73.48	2003
"Kill Bill: Vol. 1"	FALSE	NA	75.77	2003
"Kill Bill: Vol. 1"	FALSE	NA	76.02	2003
"Kill Bill: Vol. 1"	FALSE	NA	76.02	2003
"Kill Bill: Vol. 1"	FALSE	NA	76.02	2003
"Kill Bill: Vol. 1"	FALSE	NA	76.48	2003
"Kill Bill: Vol. 1"	FALSE	NA	77.02	2003
"Kill Bill: Vol. 1"	FALSE	NA	80.32	2003
"Kill Bill: Vol. 1"	FALSE	NA	82.95	2003
"Kill Bill: Vol. 1"	FALSE	NA	82.98	2003
"Kill Bill: Vol. 1"	FALSE	NA	83	2003
"Kill Bill: Vol. 1"	FALSE	NA	83.03	2003
"Kill Bill: Vol. 1"	FALSE	NA	83.05	2003
"Kill Bill: Vol. 1"	FALSE	NA	83.05	2003
"Kill Bill: Vol. 1"	FALSE	NA	83.05	2003
"Kill Bill: Vol. 1"	FALSE	NA	83.08	2003
"Kill Bill: Vol. 1"	FALSE	NA	83.12	2003
"Kill Bill: Vol. 1"	FALSE	NA	83.18	2003
"Kill Bill: Vol. 1"	FALSE	NA	83.38	2003
"Kill Bill: Vol. 1"	FALSE	NA	83.42	2003
"Kill Bill: Vol. 1"	FALSE	NA	83.48	2003
"Kill Bill: Vol. 1"	FALSE	NA	83.65	2003
"Kill Bill: Vol. 1"	FALSE	NA	83.72	2003
"Kill Bill: Vol. 1"	FALSE	NA	83.83	2003
"Kill Bill: Vol. 1"	FALSE	NA	83.88	2003
"Kill Bill: Vol. 1"	FALSE	NA	83.93	2003
"Kill Bill: Vol. 1"	FALSE	NA	84.05	2003
"Kill Bill: Vol. 1"	FALSE	NA	84.18	2003
"Kill Bill: Vol. 1"	FALSE	NA	84.23	2003
"Kill Bill: Vol. 1"	FALSE	NA	84.27	2003
"Kill Bill: Vol. 1"	FALSE	NA	84.58	2003
"Kill Bill: Vol. 1"	FALSE	NA	84.92	2003
"Kill Bill: Vol. 1"	FALSE	NA	84.92	2003
"Kill Bill: Vol. 1"	FALSE	NA	85	2003
"Kill Bill: Vol. 1"	FALSE	NA	85.08	2003
"Kill Bill: Vol. 1"	FALSE	NA	85.1	2003
"Kill Bill: Vol. 1"	FALSE	NA	85.2	2003
"Kill Bill: Vol. 1"	FALSE	NA	85.25	2003
"Kill Bill: Vol. 1"	FALSE	NA	85.25	2003
"Kill Bill: Vol. 1"	FALSE	NA	85.28	2003
"Kill Bill: Vol. 1"	FALSE	NA	85.38	2003
"Kill Bill: Vol. 1"	FALSE	NA	85.47	2003
"Kill Bill: Vol. 1"	FALSE	NA	85.98	2003
"Kill Bill: Vol. 1"	FALSE	NA	86.05	2003
"Kill Bill: Vol. 1"	FALSE	NA	86.15	2003
"Kill Bill: Vol. 1"	FALSE	NA	86.2	2003
"Kill Bill: Vol. 1"	FALSE	NA	86.27	2003
"Kill Bill: Vol. 1"	FALSE	NA	86.35	2003
"Kill Bill: Vol. 1"	FALSE	NA	86.4	2003
"Kill Bill: Vol. 1"	FALSE	NA	87.52	2003
"Kill Bill: Vol. 1"	FALSE	NA	87.63	2003
"Kill Bill: Vol. 1"	TRUE	"fucking"	88.18	2003
"Kill Bill: Vol. 1"	FALSE	NA	88.95	2003
"Kill Bill: Vol. 1"	FALSE	NA	97.6	2003
"Kill Bill: Vol. 1"	TRUE	"hell"	100.1	2003
"Kill Bill: Vol. 2"	TRUE	"hell"	1.18	2004
"Kill Bill: Vol. 2"	TRUE	"bitch"	4.83	2004
"Kill Bill: Vol. 2"	TRUE	"ass"	9.02	2004
"Kill Bill: Vol. 2"	TRUE	"cockblockery"	9.62	2004
"Kill Bill: Vol. 2"	TRUE	"goddamn"	11.38	2004
"Kill Bill: Vol. 2"	TRUE	"damn"	12.82	2004
"Kill Bill: Vol. 2"	FALSE	NA	14.38	2004
"Kill Bill: Vol. 2"	FALSE	NA	14.38	2004
"Kill Bill: Vol. 2"	FALSE	NA	14.38	2004
"Kill Bill: Vol. 2"	FALSE	NA	14.38	2004
"Kill Bill: Vol. 2"	FALSE	NA	14.38	2004
"Kill Bill: Vol. 2"	FALSE	NA	14.38	2004
"Kill Bill: Vol. 2"	FALSE	NA	14.38	2004
"Kill Bill: Vol. 2"	FALSE	NA	14.38	2004
"Kill Bill: Vol. 2"	FALSE	NA	14.38	2004
"Kill Bill: Vol. 2"	TRUE	"japs"	15.53	2004
"Kill Bill: Vol. 2"	TRUE	"jew (verb)"	17.33	2004
"Kill Bill: Vol. 2"	TRUE	"fucking"	18.7	2004
"Kill Bill: Vol. 2"	TRUE	"ass"	18.72	2004
"Kill Bill: Vol. 2"	TRUE	"fucking"	19.37	2004
"Kill Bill: Vol. 2"	TRUE	"asshole"	20.17	2004
"Kill Bill: Vol. 2"	TRUE	"fucking"	20.3	2004
"Kill Bill: Vol. 2"	TRUE	"fucking"	20.57	2004
"Kill Bill: Vol. 2"	TRUE	"fucking"	20.98	2004
"Kill Bill: Vol. 2"	TRUE	"fucking"	21.37	2004
"Kill Bill: Vol. 2"	TRUE	"fucking"	21.42	2004
"Kill Bill: Vol. 2"	TRUE	"fucking"	21.52	2004
"Kill Bill: Vol. 2"	TRUE	"shit"	21.8	2004
"Kill Bill: Vol. 2"	TRUE	"shitty"	22.5	2004
"Kill Bill: Vol. 2"	TRUE	"ass"	26.62	2004
"Kill Bill: Vol. 2"	TRUE	"shit"	27.03	2004
"Kill Bill: Vol. 2"	TRUE	"bitch"	28.93	2004
"Kill Bill: Vol. 2"	TRUE	"ass"	29.92	2004
"Kill Bill: Vol. 2"	TRUE	"damn"	30.47	2004
"Kill Bill: Vol. 2"	TRUE	"bitch"	33.02	2004
"Kill Bill: Vol. 2"	TRUE	"pussy"	33.15	2004
"Kill Bill: Vol. 2"	TRUE	"pussy"	33.23	2004
"Kill Bill: Vol. 2"	TRUE	"ass"	34.6	2004
"Kill Bill: Vol. 2"	TRUE	"goddamn"	34.7	2004
"Kill Bill: Vol. 2"	TRUE	"fucking"	34.77	2004
"Kill Bill: Vol. 2"	TRUE	"bastards"	44.12	2004
"Kill Bill: Vol. 2"	TRUE	"fucker"	44.65	2004
"Kill Bill: Vol. 2"	TRUE	"ass"	47.13	2004
"Kill Bill: Vol. 2"	TRUE	"goddamn"	49.2	2004
"Kill Bill: Vol. 2"	TRUE	"japs"	49.2	2004
"Kill Bill: Vol. 2"	TRUE	"goddamn"	50.93	2004
"Kill Bill: Vol. 2"	TRUE	"fucked"	65.67	2004
"Kill Bill: Vol. 2"	TRUE	"horeshit"	68.4	2004
"Kill Bill: Vol. 2"	TRUE	"shit"	72.45	2004
"Kill Bill: Vol. 2"	FALSE	NA	72.67	2004
"Kill Bill: Vol. 2"	TRUE	"bitch"	78.9	2004
"Kill Bill: Vol. 2"	TRUE	"fucking"	79.88	2004
"Kill Bill: Vol. 2"	TRUE	"bitch"	79.88	2004
"Kill Bill: Vol. 2"	TRUE	"fucking"	79.93	2004
"Kill Bill: Vol. 2"	TRUE	"fuck"	79.93	2004
"Kill Bill: Vol. 2"	TRUE	"fucking"	80.28	2004
"Kill Bill: Vol. 2"	TRUE	"fucking"	80.63	2004
"Kill Bill: Vol. 2"	TRUE	"shit"	80.75	2004
"Kill Bill: Vol. 2"	TRUE	"pussy"	85.35	2004
"Kill Bill: Vol. 2"	TRUE	"pussy"	85.4	2004
"Kill Bill: Vol. 2"	TRUE	"fucking"	102.12	2004
"Kill Bill: Vol. 2"	TRUE	"goddamn"	103.23	2004
"Kill Bill: Vol. 2"	TRUE	"fuck"	103.28	2004
"Kill Bill: Vol. 2"	TRUE	"shit"	104.63	2004
"Kill Bill: Vol. 2"	TRUE	"ass"	107.43	2004
"Kill Bill: Vol. 2"	TRUE	"fuck"	110.23	2004
"Kill Bill: Vol. 2"	TRUE	"fucking"	110.93	2004
"Kill Bill: Vol. 2"	TRUE	"bitch"	110.97	2004
"Kill Bill: Vol. 2"	TRUE	"fucking"	111.05	2004
"Kill Bill: Vol. 2"	TRUE	"bullshit"	111.58	2004
"Kill Bill: Vol. 2"	TRUE	"shitless"	111.92	2004
"Kill Bill: Vol. 2"	TRUE	"fucking"	112.52	2004
"Kill Bill: Vol. 2"	TRUE	"shit"	112.52	2004
"Kill Bill: Vol. 2"	TRUE	"fucking"	116.28	2004
"Kill Bill: Vol. 2"	TRUE	"assholes"	116.28	2004
"Kill Bill: Vol. 2"	TRUE	"fucking"	116.57	2004
"Kill Bill: Vol. 2"	TRUE	"bastard"	117.25	2004
"Kill Bill: Vol. 2"	TRUE	"bastard"	117.35	2004
"Kill Bill: Vol. 2"	TRUE	"cunt"	119.58	2004
"Kill Bill: Vol. 2"	FALSE	NA	121.12	2004
"Inglorious Basterds"	FALSE	NA	20.35	2009
"Inglorious Basterds"	FALSE	NA	20.35	2009
"Inglorious Basterds"	FALSE	NA	20.35	2009
"Inglorious Basterds"	FALSE	NA	20.35	2009
"Inglorious Basterds"	TRUE	"hell"	22.2	2009
"Inglorious Basterds"	TRUE	"goddamn"	22.22	2009
"Inglorious Basterds"	TRUE	"fucking"	22.32	2009
"Inglorious Basterds"	TRUE	"bitch"	22.55	2009
"Inglorious Basterds"	FALSE	NA	28.57	2009
"Inglorious Basterds"	FALSE	NA	28.63	2009
"Inglorious Basterds"	FALSE	NA	28.8	2009
"Inglorious Basterds"	FALSE	NA	29.07	2009
"Inglorious Basterds"	FALSE	NA	29.22	2009
"Inglorious Basterds"	FALSE	NA	29.23	2009
"Inglorious Basterds"	FALSE	NA	29.25	2009
"Inglorious Basterds"	FALSE	NA	29.93	2009
"Inglorious Basterds"	TRUE	"fucking"	30.93	2009
"Inglorious Basterds"	TRUE	"goddamn"	31.05	2009
"Inglorious Basterds"	TRUE	"goddamn"	32.52	2009
"Inglorious Basterds"	TRUE	"ass"	32.65	2009
"Inglorious Basterds"	TRUE	"fuck"	32.97	2009
"Inglorious Basterds"	FALSE	NA	34.77	2009
"Inglorious Basterds"	TRUE	"shitting"	34.9	2009
"Inglorious Basterds"	TRUE	"fucking"	34.97	2009
"Inglorious Basterds"	TRUE	"fucking"	35.05	2009
"Inglorious Basterds"	TRUE	"fucking"	35.1	2009
"Inglorious Basterds"	FALSE	NA	35.17	2009
"Inglorious Basterds"	TRUE	"damn"	35.2	2009
"Inglorious Basterds"	TRUE	"fuck"	35.3	2009
"Inglorious Basterds"	TRUE	"ass"	48.17	2009
"Inglorious Basterds"	TRUE	"negro"	48.68	2009
"Inglorious Basterds"	TRUE	"shit"	51.48	2009
"Inglorious Basterds"	TRUE	"hell"	52.55	2009
"Inglorious Basterds"	TRUE	"negro"	58.43	2009
"Inglorious Basterds"	TRUE	"negro"	59.38	2009
"Inglorious Basterds"	TRUE	"negro"	59.57	2009
"Inglorious Basterds"	TRUE	"fuck"	61.83	2009
"Inglorious Basterds"	TRUE	"goddamn"	69.48	2009
"Inglorious Basterds"	TRUE	"fucking"	69.5	2009
"Inglorious Basterds"	TRUE	"squaw"	73	2009
"Inglorious Basterds"	TRUE	"ass"	75.83	2009
"Inglorious Basterds"	TRUE	"negro"	86.97	2009
"Inglorious Basterds"	TRUE	"slut"	90.53	2009
"Inglorious Basterds"	TRUE	"hell"	92.03	2009
"Inglorious Basterds"	TRUE	"damn"	92.27	2009
"Inglorious Basterds"	FALSE	NA	92.68	2009
"Inglorious Basterds"	FALSE	NA	92.68	2009
"Inglorious Basterds"	FALSE	NA	92.7	2009
"Inglorious Basterds"	FALSE	NA	92.72	2009
"Inglorious Basterds"	FALSE	NA	92.73	2009
"Inglorious Basterds"	FALSE	NA	92.75	2009
"Inglorious Basterds"	FALSE	NA	92.77	2009
"Inglorious Basterds"	FALSE	NA	92.83	2009
"Inglorious Basterds"	FALSE	NA	92.87	2009
"Inglorious Basterds"	FALSE	NA	92.87	2009
"Inglorious Basterds"	TRUE	"fucking"	96.87	2009
"Inglorious Basterds"	FALSE	NA	96.95	2009
"Inglorious Basterds"	TRUE	"goddamn"	97.12	2009
"Inglorious Basterds"	TRUE	"fuck"	97.53	2009
"Inglorious Basterds"	TRUE	"hell"	100.97	2009
"Inglorious Basterds"	TRUE	"damn"	101	2009
"Inglorious Basterds"	TRUE	"fuck"	101.82	2009
"Inglorious Basterds"	TRUE	"ass"	102.68	2009
"Inglorious Basterds"	TRUE	"shit"	103.4	2009
"Inglorious Basterds"	TRUE	"fucking"	103.82	2009
"Inglorious Basterds"	FALSE	NA	104.6	2009
"Inglorious Basterds"	FALSE	NA	104.6	2009
"Inglorious Basterds"	FALSE	NA	104.6	2009
"Inglorious Basterds"	FALSE	NA	104.6	2009
"Inglorious Basterds"	TRUE	"fucker"	107.77	2009
"Inglorious Basterds"	TRUE	"fuck"	107.82	2009
"Inglorious Basterds"	TRUE	"ass"	111.43	2009
"Inglorious Basterds"	FALSE	NA	121.13	2009
"Inglorious Basterds"	TRUE	"fucking"	121.53	2009
"Inglorious Basterds"	TRUE	"shithead"	121.53	2009
"Inglorious Basterds"	TRUE	"fuck"	121.55	2009
"Inglorious Basterds"	TRUE	"fuck"	121.57	2009
"Inglorious Basterds"	TRUE	"shithead"	121.62	2009
"Inglorious Basterds"	TRUE	"fuck"	121.63	2009
"Inglorious Basterds"	TRUE	"fuck"	121.68	2009
"Inglorious Basterds"	TRUE	"goddamn"	121.77	2009
"Inglorious Basterds"	TRUE	"bitches"	121.78	2009
"Inglorious Basterds"	TRUE	"goddamn"	121.87	2009
"Inglorious Basterds"	TRUE	"damn"	124.72	2009
"Inglorious Basterds"	TRUE	"shit"	137.82	2009
"Inglorious Basterds"	TRUE	"ass"	138.93	2009
"Inglorious Basterds"	FALSE	NA	141.47	2009
"Inglorious Basterds"	FALSE	NA	141.53	2009
"Inglorious Basterds"	FALSE	NA	142.42	2009
"Inglorious Basterds"	FALSE	NA	142.52	2009
"Inglorious Basterds"	FALSE	NA	144.17	2009
"Inglorious Basterds"	FALSE	NA	144.17	2009
"Inglorious Basterds"	FALSE	NA	144.2	2009
"Inglorious Basterds"	FALSE	NA	144.63	2009
"Inglorious Basterds"	FALSE	NA	144.63	2009
"Inglorious Basterds"	FALSE	NA	144.65	2009
"Inglorious Basterds"	FALSE	NA	144.67	2009
"Inglorious Basterds"	FALSE	NA	144.68	2009
"Inglorious Basterds"	FALSE	NA	144.85	2009
"Inglorious Basterds"	FALSE	NA	144.85	2009
"Inglorious Basterds"	FALSE	NA	144.85	2009
"Inglorious Basterds"	FALSE	NA	145.1	2009
"Inglorious Basterds"	FALSE	NA	145.6	2009
"Inglorious Basterds"	FALSE	NA	147.37	2009
"Inglorious Basterds"	TRUE	"fuck"	147.62	2009
"Inglorious Basterds"	TRUE	"goddamn"	148.73	2009
"Django Unchained"	TRUE	"goddamn"	7.23	2012
"Django Unchained"	FALSE	NA	7.75	2012
"Django Unchained"	TRUE	"goddamn"	8.37	2012
"Django Unchained"	TRUE	"bitch"	8.38	2012
"Django Unchained"	TRUE	"damn"	8.65	2012
"Django Unchained"	TRUE	"fucking"	8.87	2012
"Django Unchained"	TRUE	"damn"	8.88	2012
"Django Unchained"	TRUE	"n-word"	9.8	2012
"Django Unchained"	TRUE	"goddamn"	10.07	2012
"Django Unchained"	TRUE	"hell"	10.53	2012
"Django Unchained"	FALSE	NA	12.63	2012
"Django Unchained"	TRUE	"n-word"	13.57	2012
"Django Unchained"	TRUE	"n-word"	14.07	2012
"Django Unchained"	TRUE	"hell"	14.75	2012
"Django Unchained"	TRUE	"n-word"	14.78	2012
"Django Unchained"	TRUE	"ass"	19.37	2012
"Django Unchained"	FALSE	NA	19.62	2012
"Django Unchained"	TRUE	"goddamn"	20.25	2012
"Django Unchained"	TRUE	"n-word"	20.47	2012
"Django Unchained"	TRUE	"hell"	22.67	2012
"Django Unchained"	TRUE	"n-word"	24.98	2012
"Django Unchained"	TRUE	"n-word"	28.55	2012
"Django Unchained"	TRUE	"n-word"	28.65	2012
"Django Unchained"	TRUE	"n-word"	28.8	2012
"Django Unchained"	TRUE	"n-word"	29.38	2012
"Django Unchained"	TRUE	"n-word"	29.5	2012
"Django Unchained"	TRUE	"n-word"	29.65	2012
"Django Unchained"	TRUE	"n-word"	31.07	2012
"Django Unchained"	TRUE	"n-word"	31.1	2012
"Django Unchained"	TRUE	"damn"	33.12	2012
"Django Unchained"	FALSE	NA	36.47	2012
"Django Unchained"	TRUE	"goddamn"	36.55	2012
"Django Unchained"	TRUE	"bitch"	36.57	2012
"Django Unchained"	FALSE	NA	37.45	2012
"Django Unchained"	FALSE	NA	38.03	2012
"Django Unchained"	TRUE	"bitches"	40.92	2012
"Django Unchained"	TRUE	"n-word"	41.68	2012
"Django Unchained"	TRUE	"n-word"	42.02	2012
"Django Unchained"	TRUE	"fucking"	42.23	2012
"Django Unchained"	TRUE	"shit"	42.23	2012
"Django Unchained"	TRUE	"fucking"	42.33	2012
"Django Unchained"	TRUE	"shit"	42.38	2012
"Django Unchained"	TRUE	"goddamn"	42.45	2012
"Django Unchained"	TRUE	"shit"	42.47	2012
"Django Unchained"	TRUE	"goddamn"	42.5	2012
"Django Unchained"	TRUE	"shit"	43.12	2012
"Django Unchained"	TRUE	"fucking"	43.22	2012
"Django Unchained"	TRUE	"fucking"	43.25	2012
"Django Unchained"	TRUE	"fucking"	43.27	2012
"Django Unchained"	TRUE	"fuck"	43.28	2012
"Django Unchained"	TRUE	"bitches"	43.42	2012
"Django Unchained"	TRUE	"n-word"	43.65	2012
"Django Unchained"	TRUE	"goddamn"	44.3	2012
"Django Unchained"	TRUE	"fucking"	44.42	2012
"Django Unchained"	TRUE	"shit"	44.55	2012
"Django Unchained"	TRUE	"n-word"	44.58	2012
"Django Unchained"	TRUE	"n-word"	44.63	2012
"Django Unchained"	TRUE	"n-word"	44.67	2012
"Django Unchained"	TRUE	"shit"	45.5	2012
"Django Unchained"	FALSE	NA	45.78	2012
"Django Unchained"	TRUE	"hell"	47.65	2012
"Django Unchained"	TRUE	"hell"	48.3	2012
"Django Unchained"	TRUE	"damn"	53.08	2012
"Django Unchained"	FALSE	NA	55.07	2012
"Django Unchained"	FALSE	NA	56.58	2012
"Django Unchained"	FALSE	NA	56.62	2012
"Django Unchained"	FALSE	NA	56.63	2012
"Django Unchained"	FALSE	NA	56.65	2012
"Django Unchained"	TRUE	"n-word"	59.42	2012
"Django Unchained"	TRUE	"goddamned"	59.65	2012
"Django Unchained"	TRUE	"n-word"	59.75	2012
"Django Unchained"	TRUE	"fuck"	60.5	2012
"Django Unchained"	TRUE	"fucking"	62.22	2012
"Django Unchained"	TRUE	"n-word"	63.2	2012
"Django Unchained"	TRUE	"n-word"	64.78	2012
"Django Unchained"	FALSE	NA	66.9	2012
"Django Unchained"	TRUE	"n-word"	70.1	2012
"Django Unchained"	TRUE	"n-word"	71.17	2012
"Django Unchained"	TRUE	"n-word"	71.2	2012
"Django Unchained"	TRUE	"n-word"	71.23	2012
"Django Unchained"	TRUE	"n-word"	71.28	2012
"Django Unchained"	TRUE	"n-word"	71.35	2012
"Django Unchained"	TRUE	"n-word"	71.87	2012
"Django Unchained"	TRUE	"n-word"	73.17	2012
"Django Unchained"	TRUE	"n-word"	73.23	2012
"Django Unchained"	TRUE	"n-word"	73.32	2012
"Django Unchained"	TRUE	"n-word"	73.73	2012
"Django Unchained"	TRUE	"n-word"	74	2012
"Django Unchained"	TRUE	"n-word"	74.4	2012
"Django Unchained"	TRUE	"goddamn"	74.77	2012
"Django Unchained"	TRUE	"n-word"	74.83	2012
"Django Unchained"	TRUE	"hell"	75.67	2012
"Django Unchained"	TRUE	"goddamn"	76.2	2012
"Django Unchained"	TRUE	"n-word"	76.3	2012
"Django Unchained"	TRUE	"n-word"	76.37	2012
"Django Unchained"	TRUE	"ass"	76.45	2012
"Django Unchained"	TRUE	"goddamn"	76.45	2012
"Django Unchained"	TRUE	"hell"	76.92	2012
"Django Unchained"	TRUE	"n-word"	78.48	2012
"Django Unchained"	TRUE	"ass"	79.57	2012
"Django Unchained"	TRUE	"goddamn"	79.63	2012
"Django Unchained"	TRUE	"goddamn"	79.77	2012
"Django Unchained"	TRUE	"n-word"	79.8	2012
"Django Unchained"	TRUE	"n-word"	81.32	2012
"Django Unchained"	TRUE	"goddamn"	81.68	2012
"Django Unchained"	TRUE	"n-word"	82.98	2012
"Django Unchained"	TRUE	"n-word"	83.47	2012
"Django Unchained"	TRUE	"n-word"	83.52	2012
"Django Unchained"	TRUE	"n-word"	83.68	2012
"Django Unchained"	FALSE	NA	84.38	2012
"Django Unchained"	TRUE	"n-word"	84.47	2012
"Django Unchained"	TRUE	"ass"	88.32	2012
"Django Unchained"	TRUE	"n-word"	88.35	2012
"Django Unchained"	TRUE	"n-word"	88.75	2012
"Django Unchained"	TRUE	"ass"	88.97	2012
"Django Unchained"	TRUE	"n-word"	89.13	2012
"Django Unchained"	TRUE	"n-word"	89.13	2012
"Django Unchained"	TRUE	"n-word"	89.35	2012
"Django Unchained"	TRUE	"bastard"	89.52	2012
"Django Unchained"	TRUE	"n-word"	89.62	2012
"Django Unchained"	TRUE	"ass"	90.03	2012
"Django Unchained"	TRUE	"motherfucker"	90.03	2012
"Django Unchained"	TRUE	"goddamn"	90.17	2012
"Django Unchained"	TRUE	"n-word"	90.32	2012
"Django Unchained"	TRUE	"goddamn"	90.37	2012
"Django Unchained"	TRUE	"n-word"	90.42	2012
"Django Unchained"	TRUE	"shit"	90.43	2012
"Django Unchained"	TRUE	"ass"	90.88	2012
"Django Unchained"	TRUE	"n-word"	91	2012
"Django Unchained"	TRUE	"n-word"	91.02	2012
"Django Unchained"	TRUE	"n-word"	91.17	2012
"Django Unchained"	TRUE	"n-word"	91.18	2012
"Django Unchained"	TRUE	"ass"	92.12	2012
"Django Unchained"	TRUE	"damn"	92.23	2012
"Django Unchained"	TRUE	"damn"	92.25	2012
"Django Unchained"	TRUE	"shit"	92.27	2012
"Django Unchained"	TRUE	"damn"	92.33	2012
"Django Unchained"	TRUE	"bitch"	92.37	2012
"Django Unchained"	TRUE	"n-word"	92.53	2012
"Django Unchained"	TRUE	"n-word"	92.67	2012
"Django Unchained"	TRUE	"ass"	92.78	2012
"Django Unchained"	TRUE	"ass"	93.22	2012
"Django Unchained"	TRUE	"n-word"	96.73	2012
"Django Unchained"	TRUE	"ass"	101.02	2012
"Django Unchained"	TRUE	"n-word"	101.48	2012
"Django Unchained"	TRUE	"n-word"	101.97	2012
"Django Unchained"	TRUE	"n-word"	102.07	2012
"Django Unchained"	TRUE	"n-word"	102.32	2012
"Django Unchained"	TRUE	"n-word"	102.6	2012
"Django Unchained"	TRUE	"n-word"	102.78	2012
"Django Unchained"	TRUE	"n-word"	102.83	2012
"Django Unchained"	TRUE	"n-word"	103.02	2012
"Django Unchained"	TRUE	"n-word"	103.15	2012
"Django Unchained"	TRUE	"n-word"	103.2	2012
"Django Unchained"	TRUE	"hell"	103.83	2012
"Django Unchained"	TRUE	"n-word"	104.23	2012
"Django Unchained"	TRUE	"n-word"	104.27	2012
"Django Unchained"	TRUE	"ass"	104.35	2012
"Django Unchained"	TRUE	"n-word"	104.9	2012
"Django Unchained"	TRUE	"bitch"	104.97	2012
"Django Unchained"	TRUE	"n-word"	105.62	2012
"Django Unchained"	TRUE	"n-word"	106.12	2012
"Django Unchained"	TRUE	"ass"	108.38	2012
"Django Unchained"	TRUE	"n-word"	108.48	2012
"Django Unchained"	TRUE	"n-word"	108.65	2012
"Django Unchained"	TRUE	"n-word"	109.12	2012
"Django Unchained"	TRUE	"n-word"	109.18	2012
"Django Unchained"	TRUE	"n-word"	109.2	2012
"Django Unchained"	TRUE	"goddamn"	109.33	2012
"Django Unchained"	TRUE	"goddamn"	111.33	2012
"Django Unchained"	TRUE	"damn"	111.53	2012
"Django Unchained"	TRUE	"n-word"	112.08	2012
"Django Unchained"	TRUE	"shit"	112.08	2012
"Django Unchained"	TRUE	"fucked"	112.08	2012
"Django Unchained"	TRUE	"motherfuckers"	113.05	2012
"Django Unchained"	TRUE	"hell"	113.22	2012
"Django Unchained"	TRUE	"ass"	113.25	2012
"Django Unchained"	TRUE	"n-word"	113.5	2012
"Django Unchained"	TRUE	"n-word"	113.97	2012
"Django Unchained"	TRUE	"n-word"	114.05	2012
"Django Unchained"	TRUE	"fuck"	114.15	2012
"Django Unchained"	TRUE	"bitch"	114.18	2012
"Django Unchained"	TRUE	"goddamn"	114.93	2012
"Django Unchained"	TRUE	"bitches"	115.02	2012
"Django Unchained"	TRUE	"bitches"	115.07	2012
"Django Unchained"	TRUE	"damn"	116.65	2012
"Django Unchained"	TRUE	"goddamn"	117.85	2012
"Django Unchained"	TRUE	"jackass"	120.65	2012
"Django Unchained"	TRUE	"ass"	121.12	2012
"Django Unchained"	TRUE	"goddamn"	121.12	2012
"Django Unchained"	TRUE	"n-word"	121.37	2012
"Django Unchained"	TRUE	"n-word"	121.67	2012
"Django Unchained"	TRUE	"n-word"	122.45	2012
"Django Unchained"	TRUE	"goddamn"	122.6	2012
"Django Unchained"	TRUE	"ass"	122.63	2012
"Django Unchained"	TRUE	"n-word"	123.42	2012
"Django Unchained"	TRUE	"shit"	130.07	2012
"Django Unchained"	TRUE	"n-word"	130.38	2012
"Django Unchained"	TRUE	"ass"	130.45	2012
"Django Unchained"	FALSE	NA	131.27	2012
"Django Unchained"	FALSE	NA	131.53	2012
"Django Unchained"	FALSE	NA	131.72	2012
"Django Unchained"	FALSE	NA	131.8	2012
"Django Unchained"	FALSE	NA	131.83	2012
"Django Unchained"	FALSE	NA	131.92	2012
"Django Unchained"	FALSE	NA	132.05	2012
"Django Unchained"	FALSE	NA	132.13	2012
"Django Unchained"	FALSE	NA	132.13	2012
"Django Unchained"	FALSE	NA	132.13	2012
"Django Unchained"	TRUE	"fucking"	132.22	2012
"Django Unchained"	TRUE	"n-word"	131.73	2012
"Django Unchained"	TRUE	"shit"	132.1	2012
"Django Unchained"	TRUE	"bitch"	132.12	2012
"Django Unchained"	TRUE	"fucking"	132.22	2012
"Django Unchained"	TRUE	"damn"	132.3	2012
"Django Unchained"	TRUE	"bitch"	132.32	2012
"Django Unchained"	TRUE	"fucking"	132.35	2012
"Django Unchained"	TRUE	"damn"	132.37	2012
"Django Unchained"	TRUE	"fuck"	132.42	2012
"Django Unchained"	TRUE	"fuck"	132.53	2012
"Django Unchained"	TRUE	"n-word"	132.55	2012
"Django Unchained"	FALSE	NA	133.08	2012
"Django Unchained"	TRUE	"n-word"	133.17	2012
"Django Unchained"	TRUE	"motherfucker"	133.27	2012
"Django Unchained"	FALSE	NA	133.38	2012
"Django Unchained"	FALSE	NA	133.38	2012
"Django Unchained"	TRUE	"shit"	133.42	2012
"Django Unchained"	FALSE	NA	133.47	2012
"Django Unchained"	FALSE	NA	133.5	2012
"Django Unchained"	FALSE	NA	133.52	2012
"Django Unchained"	FALSE	NA	133.65	2012
"Django Unchained"	FALSE	NA	133.83	2012
"Django Unchained"	FALSE	NA	133.87	2012
"Django Unchained"	TRUE	"shit"	134.4	2012
"Django Unchained"	TRUE	"goddamn"	134.77	2012
"Django Unchained"	TRUE	"goddamn"	135.18	2012
"Django Unchained"	TRUE	"horseshit"	135.43	2012
"Django Unchained"	TRUE	"ass"	135.65	2012
"Django Unchained"	TRUE	"goddamn"	135.7	2012
"Django Unchained"	TRUE	"bitch"	135.78	2012
"Django Unchained"	TRUE	"n-word"	136.2	2012
"Django Unchained"	TRUE	"n-word"	138.3	2012
"Django Unchained"	TRUE	"ass"	140.23	2012
"Django Unchained"	TRUE	"motherfuckers"	140.25	2012
"Django Unchained"	TRUE	"ass"	140.43	2012
"Django Unchained"	TRUE	"fucking"	140.5	2012
"Django Unchained"	TRUE	"n-word"	140.68	2012
"Django Unchained"	TRUE	"shit"	140.93	2012
"Django Unchained"	TRUE	"n-word"	140.97	2012
"Django Unchained"	TRUE	"shit"	141.22	2012
"Django Unchained"	TRUE	"hell"	141.25	2012
"Django Unchained"	TRUE	"n-word"	141.27	2012
"Django Unchained"	TRUE	"ass"	141.52	2012
"Django Unchained"	TRUE	"ass"	142.42	2012
"Django Unchained"	TRUE	"n-word"	142.43	2012
"Django Unchained"	TRUE	"fuck"	143.68	2012
"Django Unchained"	TRUE	"fuck"	144.2	2012
"Django Unchained"	TRUE	"ass"	144.58	2012
"Django Unchained"	TRUE	"bitches"	144.77	2012
"Django Unchained"	TRUE	"goddamn"	145.12	2012
"Django Unchained"	TRUE	"fucking"	145.17	2012
"Django Unchained"	TRUE	"shit"	145.22	2012
"Django Unchained"	TRUE	"ass"	145.53	2012
"Django Unchained"	TRUE	"fucking"	147.2	2012
"Django Unchained"	TRUE	"damn"	147.23	2012
"Django Unchained"	TRUE	"n-word"	147.48	2012
"Django Unchained"	TRUE	"fuck"	147.62	2012
"Django Unchained"	TRUE	"goddamn"	148.43	2012
"Django Unchained"	TRUE	"n-word"	148.57	2012
"Django Unchained"	TRUE	"fucking"	149.02	2012
"Django Unchained"	FALSE	NA	149.1	2012
"Django Unchained"	FALSE	NA	149.1	2012
"Django Unchained"	FALSE	NA	149.13	2012
"Django Unchained"	TRUE	"goddamn"	152.23	2012
"Django Unchained"	TRUE	"motherfucker"	152.35	2012
"Django Unchained"	FALSE	NA	152.37	2012
"Django Unchained"	FALSE	NA	152.38	2012
"Django Unchained"	FALSE	NA	152.4	2012
"Django Unchained"	FALSE	NA	152.4	2012
"Django Unchained"	FALSE	NA	152.47	2012
"Django Unchained"	FALSE	NA	152.47	2012
"Django Unchained"	FALSE	NA	152.5	2012
"Django Unchained"	FALSE	NA	156.77	2012
"Django Unchained"	TRUE	"bitch"	157.3	2012
"Django Unchained"	FALSE	NA	157.37	2012
"Django Unchained"	FALSE	NA	157.85	2012
"Django Unchained"	TRUE	"n-word"	158.62	2012
"Django Unchained"	TRUE	"n-word"	158.65	2012
"Django Unchained"	TRUE	"shit"	158.78	2012
"Django Unchained"	TRUE	"n-word"	158.78	2012
"Django Unchained"	TRUE	"motherfucker"	158.9	2012
"Django Unchained"	TRUE	"damn"	158.92	2012
"Django Unchained"	TRUE	"n-word"	158.98	2012
"Django Unchained"	TRUE	"horseshit"	159.18	2012
"Django Unchained"	TRUE	"n-word"	159.25	2012
"Django Unchained"	TRUE	"bitch"	159.33	2012
"Django Unchained"	TRUE	"motherfucker"	159.37	2012
"Django Unchained"	TRUE	"n-word"	159.42	2012
"Django Unchained"	TRUE	"ass"	159.53	2012
"Django Unchained"	TRUE	"n-word"	159.58	2012
"Django Unchained"	TRUE	"n-word"	159.65	2012
"Django Unchained"	TRUE	"ass"	159.7	2012
"Django Unchained"	TRUE	"ass"	159.77	2012
"Django Unchained"	TRUE	"n-word"	159.8	2012
"Django Unchained"	TRUE	"fucked"	159.83	2012
"Django Unchained"	TRUE	"n-word"	159.88	2012
"Django Unchained"	TRUE	"n-word"	160.2	2012
"Django Unchained"	TRUE	"ass"	160.28	2012
"Django Unchained"	FALSE	NA	160.45	2012
"Jackie Brown"	TRUE	"ass"	4.38	1997
"Jackie Brown"	TRUE	"shit"	4.53	1997
"Jackie Brown"	TRUE	"shit"	4.63	1997
"Jackie Brown"	TRUE	"motherfucker"	4.85	1997
"Jackie Brown"	TRUE	"shit"	4.95	1997
"Jackie Brown"	TRUE	"shit"	5	1997
"Jackie Brown"	TRUE	"motherfucker"	5.28	1997
"Jackie Brown"	TRUE	"n-word"	5.37	1997
"Jackie Brown"	TRUE	"n-word"	5.45	1997
"Jackie Brown"	TRUE	"fucking"	5.53	1997
"Jackie Brown"	TRUE	"damn"	5.6	1997
"Jackie Brown"	TRUE	"n-word"	5.67	1997
"Jackie Brown"	TRUE	"shit"	5.7	1997
"Jackie Brown"	TRUE	"n-word"	6.02	1997
"Jackie Brown"	TRUE	"motherfucker"	6.08	1997
"Jackie Brown"	TRUE	"shit"	6.18	1997
"Jackie Brown"	TRUE	"motherfucker"	6.37	1997
"Jackie Brown"	TRUE	"ass"	6.7	1997
"Jackie Brown"	TRUE	"shit"	7.45	1997
"Jackie Brown"	TRUE	"shit"	8.35	1997
"Jackie Brown"	TRUE	"n-word"	8.58	1997
"Jackie Brown"	TRUE	"n-word"	8.62	1997
"Jackie Brown"	TRUE	"n-word"	8.65	1997
"Jackie Brown"	TRUE	"motherfucking"	8.82	1997
"Jackie Brown"	TRUE	"motherfuckers"	9.23	1997
"Jackie Brown"	TRUE	"bitch"	9.97	1997
"Jackie Brown"	TRUE	"fuck"	10.08	1997
"Jackie Brown"	TRUE	"fuck"	10.12	1997
"Jackie Brown"	TRUE	"goddamn"	10.2	1997
"Jackie Brown"	TRUE	"n-word"	10.2	1997
"Jackie Brown"	TRUE	"goddamn"	10.25	1997
"Jackie Brown"	TRUE	"motherfuckers"	10.5	1997
"Jackie Brown"	TRUE	"shit"	10.52	1997
"Jackie Brown"	TRUE	"motherfucking"	10.53	1997
"Jackie Brown"	TRUE	"fuck"	10.58	1997
"Jackie Brown"	TRUE	"n-word"	12.12	1997
"Jackie Brown"	TRUE	"shit"	12.82	1997
"Jackie Brown"	TRUE	"fuck"	12.82	1997
"Jackie Brown"	TRUE	"ass"	13.1	1997
"Jackie Brown"	TRUE	"fuck"	15.63	1997
"Jackie Brown"	TRUE	"n-word"	15.68	1997
"Jackie Brown"	TRUE	"n-word"	15.72	1997
"Jackie Brown"	TRUE	"ass"	15.98	1997
"Jackie Brown"	TRUE	"motherfucking"	16.03	1997
"Jackie Brown"	TRUE	"n-word"	16.1	1997
"Jackie Brown"	TRUE	"ass"	16.2	1997
"Jackie Brown"	TRUE	"n-word"	16.23	1997
"Jackie Brown"	TRUE	"goddamn"	16.25	1997
"Jackie Brown"	TRUE	"shit"	16.28	1997
"Jackie Brown"	TRUE	"ass"	16.3	1997
"Jackie Brown"	TRUE	"ass"	16.33	1997
"Jackie Brown"	TRUE	"motherfucking"	16.35	1997
"Jackie Brown"	TRUE	"n-word"	16.38	1997
"Jackie Brown"	TRUE	"motherfucker"	16.47	1997
"Jackie Brown"	TRUE	"hell"	16.52	1997
"Jackie Brown"	TRUE	"shit"	16.55	1997
"Jackie Brown"	TRUE	"ass"	16.58	1997
"Jackie Brown"	TRUE	"shit"	16.65	1997
"Jackie Brown"	TRUE	"n-word"	16.77	1997
"Jackie Brown"	TRUE	"fucking"	16.87	1997
"Jackie Brown"	TRUE	"n-word"	17.12	1997
"Jackie Brown"	TRUE	"ass"	17.22	1997
"Jackie Brown"	TRUE	"n-word"	17.25	1997
"Jackie Brown"	TRUE	"fuck"	17.3	1997
"Jackie Brown"	TRUE	"shit"	17.4	1997
"Jackie Brown"	TRUE	"fucking"	17.42	1997
"Jackie Brown"	TRUE	"ass"	17.48	1997
"Jackie Brown"	TRUE	"fucking"	17.52	1997
"Jackie Brown"	TRUE	"n-word"	17.82	1997
"Jackie Brown"	TRUE	"n-word"	17.82	1997
"Jackie Brown"	TRUE	"n-word"	17.85	1997
"Jackie Brown"	TRUE	"n-word"	17.9	1997
"Jackie Brown"	TRUE	"n-word"	17.95	1997
"Jackie Brown"	TRUE	"ass"	18.23	1997
"Jackie Brown"	TRUE	"shit"	18.38	1997
"Jackie Brown"	TRUE	"n-word"	18.8	1997
"Jackie Brown"	TRUE	"shit"	19.07	1997
"Jackie Brown"	TRUE	"motherfucker"	19.35	1997
"Jackie Brown"	TRUE	"motherfucker"	19.45	1997
"Jackie Brown"	TRUE	"fuck"	19.47	1997
"Jackie Brown"	TRUE	"shit"	19.47	1997
"Jackie Brown"	TRUE	"fucking"	19.58	1997
"Jackie Brown"	TRUE	"ass"	19.62	1997
"Jackie Brown"	TRUE	"goddamn"	19.72	1997
"Jackie Brown"	TRUE	"goddamn"	19.83	1997
"Jackie Brown"	TRUE	"goddamn"	19.93	1997
"Jackie Brown"	TRUE	"ass"	19.95	1997
"Jackie Brown"	TRUE	"n-word"	20.05	1997
"Jackie Brown"	TRUE	"motherfucker"	20.12	1997
"Jackie Brown"	TRUE	"ass"	20.17	1997
"Jackie Brown"	TRUE	"goddamn"	20.22	1997
"Jackie Brown"	TRUE	"ass"	20.28	1997
"Jackie Brown"	TRUE	"ass"	20.35	1997
"Jackie Brown"	TRUE	"n-word"	20.38	1997
"Jackie Brown"	TRUE	"fucking"	20.52	1997
"Jackie Brown"	TRUE	"n-word"	20.57	1997
"Jackie Brown"	TRUE	"shit"	20.58	1997
"Jackie Brown"	TRUE	"fucking"	20.65	1997
"Jackie Brown"	TRUE	"motherfucker"	21.05	1997
"Jackie Brown"	TRUE	"motherfucker"	21.12	1997
"Jackie Brown"	TRUE	"goddamn"	21.13	1997
"Jackie Brown"	TRUE	"motherfucker"	21.18	1997
"Jackie Brown"	TRUE	"hell"	21.22	1997
"Jackie Brown"	FALSE	NA	23.08	1997
"Jackie Brown"	TRUE	"n-word"	23.07	1997
"Jackie Brown"	TRUE	"shit"	25.53	1997
"Jackie Brown"	TRUE	"goddamn"	26.13	1997
"Jackie Brown"	TRUE	"motherfucking"	26.37	1997
"Jackie Brown"	TRUE	"ass"	26.38	1997
"Jackie Brown"	TRUE	"n-word"	27.07	1997
"Jackie Brown"	TRUE	"fuck"	27.08	1997
"Jackie Brown"	TRUE	"n-word"	27.2	1997
"Jackie Brown"	TRUE	"n-word"	27.22	1997
"Jackie Brown"	TRUE	"n-word"	27.48	1997
"Jackie Brown"	TRUE	"shitty"	28.67	1997
"Jackie Brown"	TRUE	"fucking"	28.72	1997
"Jackie Brown"	TRUE	"goddamn"	29.05	1997
"Jackie Brown"	TRUE	"fucking"	29.72	1997
"Jackie Brown"	TRUE	"fucks"	30.63	1997
"Jackie Brown"	TRUE	"shit"	30.63	1997
"Jackie Brown"	TRUE	"shittiest"	30.77	1997
"Jackie Brown"	TRUE	"fucking"	30.78	1997
"Jackie Brown"	TRUE	"shit"	30.8	1997
"Jackie Brown"	TRUE	"fuck"	31.97	1997
"Jackie Brown"	TRUE	"shit"	32.13	1997
"Jackie Brown"	TRUE	"shitty"	32.4	1997
"Jackie Brown"	TRUE	"goddamn"	32.65	1997
"Jackie Brown"	TRUE	"shit"	33.47	1997
"Jackie Brown"	TRUE	"shit"	33.67	1997
"Jackie Brown"	TRUE	"fucking"	36.4	1997
"Jackie Brown"	TRUE	"shit"	36.42	1997
"Jackie Brown"	TRUE	"shit"	36.52	1997
"Jackie Brown"	TRUE	"shit"	36.97	1997
"Jackie Brown"	TRUE	"shit"	37	1997
"Jackie Brown"	TRUE	"hell"	37.13	1997
"Jackie Brown"	TRUE	"motherfucking"	37.15	1997
"Jackie Brown"	TRUE	"ass"	37.28	1997
"Jackie Brown"	TRUE	"shit"	37.33	1997
"Jackie Brown"	TRUE	"ass"	37.37	1997
"Jackie Brown"	TRUE	"shit"	37.88	1997
"Jackie Brown"	TRUE	"shit"	38.58	1997
"Jackie Brown"	TRUE	"fuck"	38.95	1997
"Jackie Brown"	TRUE	"fucking"	38.98	1997
"Jackie Brown"	TRUE	"shit"	39.3	1997
"Jackie Brown"	TRUE	"shit"	39.35	1997
"Jackie Brown"	TRUE	"bitch"	44.32	1997
"Jackie Brown"	TRUE	"ass"	45.38	1997
"Jackie Brown"	TRUE	"hell"	48.1	1997
"Jackie Brown"	TRUE	"ass"	48.1	1997
"Jackie Brown"	TRUE	"ass"	48.17	1997
"Jackie Brown"	TRUE	"shit"	48.35	1997
"Jackie Brown"	TRUE	"damn"	48.52	1997
"Jackie Brown"	TRUE	"shit"	48.53	1997
"Jackie Brown"	TRUE	"shitload"	48.6	1997
"Jackie Brown"	TRUE	"shitload"	50.45	1997
"Jackie Brown"	TRUE	"dick"	50.88	1997
"Jackie Brown"	TRUE	"n-word"	50.97	1997
"Jackie Brown"	TRUE	"hell"	51.03	1997
"Jackie Brown"	TRUE	"fuck"	51.05	1997
"Jackie Brown"	TRUE	"fuck"	51.1	1997
"Jackie Brown"	TRUE	"ass"	51.22	1997
"Jackie Brown"	TRUE	"motherfuckers"	51.32	1997
"Jackie Brown"	TRUE	"fuck"	51.4	1997
"Jackie Brown"	TRUE	"damn"	51.42	1997
"Jackie Brown"	TRUE	"ass"	51.45	1997
"Jackie Brown"	TRUE	"fucking"	51.5	1997
"Jackie Brown"	TRUE	"ass"	51.62	1997
"Jackie Brown"	TRUE	"fuck"	51.65	1997
"Jackie Brown"	TRUE	"motherfucking"	51.8	1997
"Jackie Brown"	TRUE	"motherfucking"	51.97	1997
"Jackie Brown"	TRUE	"motherfucking"	53.17	1997
"Jackie Brown"	TRUE	"ass"	57.42	1997
"Jackie Brown"	TRUE	"fuck"	57.93	1997
"Jackie Brown"	TRUE	"ass"	59.12	1997
"Jackie Brown"	TRUE	"shit"	60.2	1997
"Jackie Brown"	TRUE	"shit"	61.53	1997
"Jackie Brown"	TRUE	"ass"	61.93	1997
"Jackie Brown"	TRUE	"goddamn"	62.97	1997
"Jackie Brown"	TRUE	"shit"	63.07	1997
"Jackie Brown"	TRUE	"shit"	63.07	1997
"Jackie Brown"	TRUE	"shit"	66.05	1997
"Jackie Brown"	TRUE	"fucking"	67.82	1997
"Jackie Brown"	TRUE	"fuck"	67.95	1997
"Jackie Brown"	TRUE	"damn"	69.7	1997
"Jackie Brown"	TRUE	"n-word"	70.02	1997
"Jackie Brown"	TRUE	"motherfuckers"	70.03	1997
"Jackie Brown"	TRUE	"ass"	70.05	1997
"Jackie Brown"	TRUE	"bullshit"	70.1	1997
"Jackie Brown"	TRUE	"motherfucker"	70.12	1997
"Jackie Brown"	TRUE	"damn"	70.15	1997
"Jackie Brown"	TRUE	"fuck"	70.3	1997
"Jackie Brown"	TRUE	"goddamn"	70.45	1997
"Jackie Brown"	TRUE	"fuck"	70.8	1997
"Jackie Brown"	TRUE	"fuck"	70.9	1997
"Jackie Brown"	TRUE	"ass"	70.93	1997
"Jackie Brown"	TRUE	"shit"	71.2	1997
"Jackie Brown"	TRUE	"fuck"	71.23	1997
"Jackie Brown"	TRUE	"damn"	71.67	1997
"Jackie Brown"	TRUE	"fucking"	72.6	1997
"Jackie Brown"	TRUE	"fuck"	73.2	1997
"Jackie Brown"	TRUE	"shit"	73.27	1997
"Jackie Brown"	TRUE	"fuck"	73.85	1997
"Jackie Brown"	TRUE	"shit"	75.37	1997
"Jackie Brown"	TRUE	"pussy"	75.38	1997
"Jackie Brown"	TRUE	"shit"	75.6	1997
"Jackie Brown"	TRUE	"bitch"	75.63	1997
"Jackie Brown"	TRUE	"fucking"	75.63	1997
"Jackie Brown"	TRUE	"fuck"	75.7	1997
"Jackie Brown"	TRUE	"n-word"	75.7	1997
"Jackie Brown"	TRUE	"damn"	75.73	1997
"Jackie Brown"	TRUE	"fuck"	75.77	1997
"Jackie Brown"	TRUE	"fucked"	75.87	1997
"Jackie Brown"	TRUE	"shit"	76.18	1997
"Jackie Brown"	TRUE	"bitches"	76.32	1997
"Jackie Brown"	TRUE	"ass"	76.72	1997
"Jackie Brown"	TRUE	"ass"	76.92	1997
"Jackie Brown"	TRUE	"bitch"	77.05	1997
"Jackie Brown"	TRUE	"fuck"	77.35	1997
"Jackie Brown"	TRUE	"bitch"	77.47	1997
"Jackie Brown"	TRUE	"ass"	79.37	1997
"Jackie Brown"	TRUE	"shit"	80.33	1997
"Jackie Brown"	TRUE	"fuck"	81	1997
"Jackie Brown"	TRUE	"shit"	81.02	1997
"Jackie Brown"	TRUE	"shit"	83.92	1997
"Jackie Brown"	TRUE	"shit"	88.68	1997
"Jackie Brown"	TRUE	"shit"	88.83	1997
"Jackie Brown"	TRUE	"hell"	92.38	1997
"Jackie Brown"	TRUE	"hell"	92.38	1997
"Jackie Brown"	TRUE	"hell"	92.43	1997
"Jackie Brown"	TRUE	"shit"	92.52	1997
"Jackie Brown"	TRUE	"shit"	92.55	1997
"Jackie Brown"	TRUE	"goddamn"	92.57	1997
"Jackie Brown"	TRUE	"fuck"	92.58	1997
"Jackie Brown"	TRUE	"ass"	92.62	1997
"Jackie Brown"	TRUE	"fucking"	92.63	1997
"Jackie Brown"	TRUE	"fuck"	92.65	1997
"Jackie Brown"	TRUE	"ass"	92.7	1997
"Jackie Brown"	TRUE	"shit"	92.82	1997
"Jackie Brown"	TRUE	"ass"	92.97	1997
"Jackie Brown"	TRUE	"damn"	93.03	1997
"Jackie Brown"	TRUE	"shit"	94.13	1997
"Jackie Brown"	TRUE	"ass"	94.27	1997
"Jackie Brown"	TRUE	"ass"	94.77	1997
"Jackie Brown"	TRUE	"damn"	94.98	1997
"Jackie Brown"	TRUE	"shit"	95.07	1997
"Jackie Brown"	TRUE	"motherfucker"	95.08	1997
"Jackie Brown"	TRUE	"motherfucker"	95.13	1997
"Jackie Brown"	TRUE	"shit"	96.7	1997
"Jackie Brown"	TRUE	"fucking"	96.9	1997
"Jackie Brown"	TRUE	"hell"	97.37	1997
"Jackie Brown"	TRUE	"bitch"	98.02	1997
"Jackie Brown"	TRUE	"ass"	98.07	1997
"Jackie Brown"	TRUE	"shit"	98.15	1997
"Jackie Brown"	TRUE	"motherfucking"	98.17	1997
"Jackie Brown"	TRUE	"goddamn"	98.23	1997
"Jackie Brown"	TRUE	"goddamn"	98.45	1997
"Jackie Brown"	TRUE	"bitch"	98.45	1997
"Jackie Brown"	TRUE	"fucking"	98.47	1997
"Jackie Brown"	TRUE	"ass"	101.37	1997
"Jackie Brown"	TRUE	"fuck"	101.92	1997
"Jackie Brown"	TRUE	"motherfucking"	101.98	1997
"Jackie Brown"	TRUE	"bitch"	102.07	1997
"Jackie Brown"	TRUE	"fucking"	102.08	1997
"Jackie Brown"	TRUE	"ass"	102.08	1997
"Jackie Brown"	TRUE	"goddamn"	102.1	1997
"Jackie Brown"	TRUE	"ass"	102.32	1997
"Jackie Brown"	TRUE	"fuck"	102.33	1997
"Jackie Brown"	TRUE	"ass"	105.27	1997
"Jackie Brown"	TRUE	"fuck"	106.32	1997
"Jackie Brown"	TRUE	"goddamn"	109.7	1997
"Jackie Brown"	TRUE	"fuck"	109.77	1997
"Jackie Brown"	TRUE	"fucking"	109.82	1997
"Jackie Brown"	TRUE	"shit"	109.97	1997
"Jackie Brown"	TRUE	"bitch"	110.13	1997
"Jackie Brown"	TRUE	"fucking"	110.15	1997
"Jackie Brown"	TRUE	"fucking"	110.52	1997
"Jackie Brown"	TRUE	"fuck"	111.27	1997
"Jackie Brown"	TRUE	"fuck"	111.83	1997
"Jackie Brown"	TRUE	"goddamn"	111.85	1997
"Jackie Brown"	TRUE	"fucking"	111.9	1997
"Jackie Brown"	TRUE	"fuck"	111.97	1997
"Jackie Brown"	TRUE	"fucking"	111.98	1997
"Jackie Brown"	TRUE	"fuck"	112.07	1997
"Jackie Brown"	TRUE	"fuck"	112.35	1997
"Jackie Brown"	TRUE	"fucking"	113.18	1997
"Jackie Brown"	FALSE	NA	113.28	1997
"Jackie Brown"	TRUE	"bitch"	114.98	1997
"Jackie Brown"	TRUE	"fucking"	115	1997
"Jackie Brown"	TRUE	"fuck"	116.07	1997
"Jackie Brown"	TRUE	"fucking"	120.22	1997
"Jackie Brown"	TRUE	"fucking"	120.35	1997
"Jackie Brown"	TRUE	"fucking"	120.85	1997
"Jackie Brown"	TRUE	"bitch"	121.1	1997
"Jackie Brown"	TRUE	"fucking"	121.87	1997
"Jackie Brown"	TRUE	"fucking"	121.92	1997
"Jackie Brown"	TRUE	"ass"	122.08	1997
"Jackie Brown"	TRUE	"fuck"	122.12	1997
"Jackie Brown"	TRUE	"fuck"	122.15	1997
"Jackie Brown"	TRUE	"fuck"	122.17	1997
"Jackie Brown"	TRUE	"fucking"	121.2	1997
"Jackie Brown"	TRUE	"shit"	122.28	1997
"Jackie Brown"	TRUE	"bitch"	123.32	1997
"Jackie Brown"	TRUE	"shit"	123.63	1997
"Jackie Brown"	TRUE	"motherfucker"	124.57	1997
"Jackie Brown"	TRUE	"hell"	124.65	1997
"Jackie Brown"	TRUE	"ass"	124.68	1997
"Jackie Brown"	TRUE	"motherfuckers"	124.75	1997
"Jackie Brown"	TRUE	"fucking"	124.83	1997
"Jackie Brown"	TRUE	"fucking"	124.85	1997
"Jackie Brown"	TRUE	"fucking"	124.88	1997
"Jackie Brown"	TRUE	"fucking"	124.9	1997
"Jackie Brown"	TRUE	"goddamn"	124.97	1997
"Jackie Brown"	TRUE	"motherfucker"	125.07	1997
"Jackie Brown"	TRUE	"ass"	125.1	1997
"Jackie Brown"	TRUE	"shit"	125.12	1997
"Jackie Brown"	TRUE	"fucking"	125.15	1997
"Jackie Brown"	TRUE	"fuck"	125.33	1997
"Jackie Brown"	TRUE	"ass"	125.37	1997
"Jackie Brown"	FALSE	NA	125.43	1997
"Jackie Brown"	TRUE	"shit"	126.42	1997
"Jackie Brown"	TRUE	"fucking"	126.62	1997
"Jackie Brown"	TRUE	"fucking"	127.07	1997
"Jackie Brown"	TRUE	"fucking"	127.42	1997
"Jackie Brown"	TRUE	"fucking"	128.38	1997
"Jackie Brown"	TRUE	"motherfucking"	128.42	1997
"Jackie Brown"	TRUE	"motherfucker"	128.47	1997
"Jackie Brown"	TRUE	"fuck"	129.17	1997
"Jackie Brown"	TRUE	"fucking"	129.57	1997
"Jackie Brown"	TRUE	"goddamn"	130.9	1997
"Jackie Brown"	TRUE	"motherfucking"	130.92	1997
"Jackie Brown"	TRUE	"motherfucking"	131	1997
"Jackie Brown"	TRUE	"motherfucker"	131.08	1997
"Jackie Brown"	TRUE	"motherfucker"	131.18	1997
"Jackie Brown"	TRUE	"shit"	131.22	1997
"Jackie Brown"	TRUE	"n-word"	131.25	1997
"Jackie Brown"	TRUE	"motherfucker"	131.28	1997
"Jackie Brown"	TRUE	"goddamn"	131.35	1997
"Jackie Brown"	TRUE	"motherfucker"	131.38	1997
"Jackie Brown"	TRUE	"shit"	131.4	1997
"Jackie Brown"	TRUE	"goddamn"	131.45	1997
"Jackie Brown"	TRUE	"shit"	131.57	1997
"Jackie Brown"	TRUE	"n-word"	131.8	1997
"Jackie Brown"	TRUE	"motherfucking"	132.78	1997
"Jackie Brown"	TRUE	"ass"	133.05	1997
"Jackie Brown"	TRUE	"motherfucking"	133.13	1997
"Jackie Brown"	TRUE	"fuck"	134	1997
"Jackie Brown"	TRUE	"goddamn"	134.02	1997
"Jackie Brown"	TRUE	"fucking"	134.07	1997
"Jackie Brown"	TRUE	"ass"	134.18	1997
"Jackie Brown"	TRUE	"motherfucker"	134.33	1997
"Jackie Brown"	TRUE	"motherfucker"	134.5	1997
"Jackie Brown"	TRUE	"n-word"	134.78	1997
"Jackie Brown"	TRUE	"shit"	135	1997
"Jackie Brown"	TRUE	"ass"	135.67	1997
"Jackie Brown"	TRUE	"dumbass"	135.72	1997
"Jackie Brown"	TRUE	"bullshit"	136.72	1997
"Jackie Brown"	TRUE	"fucking"	136.9	1997
"Jackie Brown"	TRUE	"ass"	137.13	1997
"Jackie Brown"	TRUE	"n-word"	137.13	1997
"Jackie Brown"	TRUE	"goddamn"	138.2	1997
"Jackie Brown"	TRUE	"bullshit"	141.03	1997
"Jackie Brown"	TRUE	"bitch"	141.2	1997
"Jackie Brown"	TRUE	"goddamn"	141.23	1997
"Jackie Brown"	TRUE	"motherfucker"	141.35	1997
"Jackie Brown"	TRUE	"n-word"	141.5	1997
"Jackie Brown"	TRUE	"motherfucker"	141.55	1997
"Jackie Brown"	TRUE	"motherfucker"	141.8	1997
"Jackie Brown"	TRUE	"motherfucker"	141.93	1997
"Jackie Brown"	TRUE	"ass"	142.43	1997
"Jackie Brown"	TRUE	"fucking"	142.47	1997
"Jackie Brown"	TRUE	"goddamn"	142.97	1997
"Jackie Brown"	FALSE	NA	143.13	1997
